{"level":30,"time":"2026-03-12T14:50:25.172Z","req":{"method":"GET","url":"/api/brinquedos"},"res":{"statusCode":304},"responseTime":78,"msg":"request completed"}
{"level":30,"time":"2026-03-12T14:50:25.238Z","req":{"method":"GET","url":"/api/eventos"},"res":{"statusCode":304},"responseTime":137,"msg":"request completed"}
{"level":30,"time":"2026-03-12T14:51:38.090Z","req":{"method":"GET","url":"/api/clientes"},"res":{"statusCode":304},"responseTime":76,"msg":"request completed"}
{"level":30,"time":"2026-03-12T14:51:46.688Z","req":{"method":"GET","url":"/api/funcionarios"},"res":{"statusCode":304},"responseTime":4,"msg":"request completed"}
{"level":30,"time":"2026-03-12T14:52:40.543Z","req":{"method":"POST","url":"/api/eventos"},"action":"create_event","empresaId":"83aa9072-bb8e-4329-ad24-1aaea1d93b12","usuarioId":"e0d9f697-28a4-4c29-b4f2-d6c713d84972","eventoId":"17a051fd-c149-4b65-93ca-bc4391861993","titulo":"Kit Festa","msg":"Evento criado com sucesso"}
{"level":30,"time":"2026-03-12T14:52:40.544Z","req":{"method":"POST","url":"/api/eventos"},"res":{"statusCode":201},"responseTime":76,"msg":"request completed"}
{"level":30,"time":"2026-03-12T14:52:40.555Z","req":{"method":"GET","url":"/api/eventos"},"res":{"statusCode":200},"responseTime":6,"msg":"request completed"}
{"level":30,"time":"2026-03-12T14:53:15.475Z","req":{"method":"GET","url":"/api/eventos/17a051fd-c149-4b65-93ca-bc4391861993"},"res":{"statusCode":200},"responseTime":7,"msg":"request completed"}
{"level":30,"time":"2026-03-12T14:54:02.932Z","req":{"method":"GET","url":"/api/eventos"},"res":{"statusCode":304},"responseTime":10,"msg":"request completed"}
{"level":30,"time":"2026-03-12T14:54:03.007Z","req":{"method":"GET","url":"/api/eventos"},"res":{"statusCode":304},"responseTime":4,"msg":"request completed"}
{"level":30,"time":"2026-03-12T14:54:03.019Z","req":{"method":"GET","url":"/api/eventos"},"res":{"statusCode":304},"responseTime":5,"msg":"request completed"}
{"level":30,"time":"2026-03-12T14:54:03.060Z","req":{"method":"GET","url":"/api/brinquedos"},"res":{"statusCode":304},"responseTime":132,"msg":"request completed"}
{"level":30,"time":"2026-03-12T14:54:03.068Z","req":{"method":"GET","url":"/api/funcionarios"},"res":{"statusCode":304},"responseTime":141,"msg":"request completed"}
{"level":30,"time":"2026-03-12T14:54:03.076Z","req":{"method":"GET","url":"/api/clientes"},"res":{"statusCode":304},"responseTime":152,"msg":"request completed"}
{"level":30,"time":"2026-03-12T14:54:21.932Z","req":{"method":"GET","url":"/api/eventos/9283d337-716c-4697-bbda-d4a72bfc1e78"},"res":{"statusCode":200},"responseTime":16,"msg":"request completed"}
{"level":40,"time":"2026-03-12T14:56:52.287Z","req":{"method":"POST","url":"/api/eventos"},"err":{"type":"AppError","message":"Um ou mais brinquedos não encontrados ou não pertencem a esta empresa","stack":"Error: Um ou mais brinquedos não encontrados ou não pertencem a esta empresa\n    at C:\\Users\\PRARAUJO\\Documents\\Programacao\\agenda-eventos\\Backend\\src\\controllers\\evento.controller.ts:214:15\n    at Generator.next (<anonymous>)\n    at fulfilled (C:\\Users\\PRARAUJO\\Documents\\Programacao\\agenda-eventos\\Backend\\src\\controllers\\evento.controller.ts:5:58)","statusCode":400,"isOperational":true},"msg":"Operational Error: Um ou mais brinquedos não encontrados ou não pertencem a esta empresa"}
{"level":30,"time":"2026-03-12T14:56:52.296Z","req":{"method":"POST","url":"/api/eventos"},"res":{"statusCode":400},"responseTime":25,"msg":"request completed"}
{"level":30,"time":"2026-03-12T15:00:48.199Z","req":{"method":"GET","url":"/api/brinquedos"},"res":{"statusCode":304},"responseTime":306,"msg":"request completed"}
{"level":30,"time":"2026-03-12T15:00:48.285Z","req":{"method":"GET","url":"/api/clientes"},"res":{"statusCode":304},"responseTime":399,"msg":"request completed"}
{"level":30,"time":"2026-03-12T15:00:48.311Z","req":{"method":"GET","url":"/api/funcionarios"},"res":{"statusCode":304},"responseTime":417,"msg":"request completed"}
{"level":30,"time":"2026-03-12T15:02:36.075Z","req":{"method":"GET","url":"/api/funcionarios"},"res":{"statusCode":304},"responseTime":82,"msg":"request completed"}
{"level":30,"time":"2026-03-12T15:02:36.133Z","req":{"method":"GET","url":"/api/brinquedos"},"res":{"statusCode":304},"responseTime":139,"msg":"request completed"}
{"level":30,"time":"2026-03-12T15:02:36.271Z","req":{"method":"GET","url":"/api/clientes"},"res":{"statusCode":304},"responseTime":276,"msg":"request completed"}
{"level":30,"time":"2026-03-12T15:02:36.283Z","req":{"method":"GET","url":"/api/eventos"},"res":{"statusCode":304},"responseTime":307,"msg":"request completed"}
{"level":30,"time":"2026-03-12T15:02:36.298Z","req":{"method":"GET","url":"/api/eventos"},"res":{"statusCode":304},"responseTime":12,"msg":"request completed"}
{"level":30,"time":"2026-03-12T15:02:36.312Z","req":{"method":"GET","url":"/api/eventos"},"res":{"statusCode":304},"responseTime":11,"msg":"request completed"}
{"level":30,"time":"2026-03-12T15:03:11.466Z","req":{"method":"GET","url":"/api/eventos/9283d337-716c-4697-bbda-d4a72bfc1e78"},"res":{"statusCode":304},"responseTime":8,"msg":"request completed"}
{"level":30,"time":"2026-03-12T15:03:21.630Z","req":{"method":"GET","url":"/api/eventos"},"res":{"statusCode":304},"responseTime":5,"msg":"request completed"}
{"level":30,"time":"2026-03-12T15:03:33.545Z","req":{"method":"GET","url":"/api/clientes"},"res":{"statusCode":304},"responseTime":6,"msg":"request completed"}
{"level":30,"time":"2026-03-12T15:03:33.546Z","req":{"method":"GET","url":"/api/eventos"},"res":{"statusCode":304},"responseTime":10,"msg":"request completed"}
{"level":30,"time":"2026-03-12T15:03:33.547Z","req":{"method":"GET","url":"/api/funcionarios"},"res":{"statusCode":304},"responseTime":6,"msg":"request completed"}
{"level":30,"time":"2026-03-12T15:03:33.548Z","req":{"method":"GET","url":"/api/brinquedos"},"res":{"statusCode":304},"responseTime":6,"msg":"request completed"}
{"level":30,"time":"2026-03-12T15:03:33.658Z","req":{"method":"GET","url":"/api/eventos"},"res":{"statusCode":304},"responseTime":14,"msg":"request completed"}
{"level":30,"time":"2026-03-12T15:03:33.669Z","req":{"method":"GET","url":"/api/eventos"},"res":{"statusCode":304},"responseTime":5,"msg":"request completed"}
{"level":30,"time":"2026-03-12T15:03:35.480Z","req":{"method":"GET","url":"/api/eventos/17a051fd-c149-4b65-93ca-bc4391861993"},"res":{"statusCode":304},"responseTime":5,"msg":"request completed"}
{"level":30,"time":"2026-03-12T15:05:14.570Z","req":{"method":"POST","url":"/api/eventos"},"action":"create_event","empresaId":"83aa9072-bb8e-4329-ad24-1aaea1d93b12","usuarioId":"e0d9f697-28a4-4c29-b4f2-d6c713d84972","eventoId":"cb7390e2-d177-4878-a476-143ad6c9dcb9","titulo":"kit piriri","msg":"Evento criado com sucesso"}
{"level":30,"time":"2026-03-12T15:05:14.571Z","req":{"method":"POST","url":"/api/eventos"},"res":{"statusCode":201},"responseTime":17,"msg":"request completed"}
{"level":30,"time":"2026-03-12T15:05:14.581Z","req":{"method":"GET","url":"/api/eventos"},"res":{"statusCode":200},"responseTime":5,"msg":"request completed"}
{"level":30,"time":"2026-03-12T15:05:14.588Z","req":{"method":"GET","url":"/api/eventos"},"res":{"statusCode":304},"responseTime":6,"msg":"request completed"}
{"level":30,"time":"2026-03-12T15:05:41.758Z","req":{"method":"DELETE","url":"/api/eventos/17a051fd-c149-4b65-93ca-bc4391861993"},"res":{"statusCode":200},"responseTime":26,"msg":"request completed"}
{"level":30,"time":"2026-03-12T15:05:41.768Z","req":{"method":"GET","url":"/api/eventos"},"res":{"statusCode":200},"responseTime":4,"msg":"request completed"}
{"level":30,"time":"2026-03-12T15:05:41.779Z","req":{"method":"GET","url":"/api/eventos"},"res":{"statusCode":304},"responseTime":8,"msg":"request completed"}
{"level":30,"time":"2026-03-12T15:05:43.832Z","req":{"method":"GET","url":"/api/admin/empresas"},"res":{"statusCode":200},"responseTime":13,"msg":"request completed"}
{"level":30,"time":"2026-03-12T15:05:44.820Z","req":{"method":"GET","url":"/api/system-logs?page=1&limit=20"},"res":{"statusCode":200},"responseTime":12,"msg":"request completed"}
{"level":30,"time":"2026-03-12T15:12:01.426Z","req":{"method":"GET","url":"/api/clientes"},"res":{"statusCode":304},"responseTime":134,"msg":"request completed"}
{"level":30,"time":"2026-03-12T15:12:01.428Z","req":{"method":"GET","url":"/api/brinquedos"},"res":{"statusCode":304},"responseTime":117,"msg":"request completed"}
{"level":30,"time":"2026-03-12T15:12:01.431Z","req":{"method":"GET","url":"/api/eventos"},"res":{"statusCode":304},"responseTime":157,"msg":"request completed"}
{"level":30,"time":"2026-03-12T15:12:01.435Z","req":{"method":"GET","url":"/api/funcionarios"},"res":{"statusCode":304},"responseTime":130,"msg":"request completed"}
{"level":30,"time":"2026-03-12T15:12:01.466Z","req":{"method":"GET","url":"/api/eventos"},"res":{"statusCode":304},"responseTime":30,"msg":"request completed"}
{"level":30,"time":"2026-03-12T15:12:01.490Z","req":{"method":"GET","url":"/api/eventos"},"res":{"statusCode":304},"responseTime":22,"msg":"request completed"}
{"level":30,"time":"2026-03-12T15:15:37.036Z","req":{"method":"GET","url":"/api/eventos"},"res":{"statusCode":304},"responseTime":12,"msg":"request completed"}
{"level":30,"time":"2026-03-12T15:15:37.048Z","req":{"method":"GET","url":"/api/eventos"},"res":{"statusCode":304},"responseTime":9,"msg":"request completed"}
{"level":30,"time":"2026-03-12T15:15:38.393Z","req":{"method":"GET","url":"/api/eventos"},"res":{"statusCode":304},"responseTime":18,"msg":"request completed"}
{"level":30,"time":"2026-03-12T15:15:38.398Z","req":{"method":"GET","url":"/api/brinquedos"},"res":{"statusCode":304},"responseTime":14,"msg":"request completed"}
{"level":30,"time":"2026-03-12T15:15:38.412Z","req":{"method":"GET","url":"/api/clientes"},"res":{"statusCode":304},"responseTime":32,"msg":"request completed"}
{"level":30,"time":"2026-03-12T15:15:38.415Z","req":{"method":"GET","url":"/api/funcionarios"},"res":{"statusCode":304},"responseTime":28,"msg":"request completed"}
{"level":30,"time":"2026-03-12T15:15:38.499Z","req":{"method":"GET","url":"/api/eventos"},"res":{"statusCode":304},"responseTime":19,"msg":"request completed"}
{"level":30,"time":"2026-03-12T15:15:38.509Z","req":{"method":"GET","url":"/api/eventos"},"res":{"statusCode":304},"responseTime":8,"msg":"request completed"}
{"level":30,"time":"2026-03-12T15:22:45.622Z","req":{"method":"GET","url":"/api/brinquedos"},"res":{"statusCode":304},"responseTime":138,"msg":"request completed"}
{"level":30,"time":"2026-03-12T15:22:45.628Z","req":{"method":"GET","url":"/api/clientes"},"res":{"statusCode":304},"responseTime":162,"msg":"request completed"}
{"level":30,"time":"2026-03-12T15:22:45.631Z","req":{"method":"GET","url":"/api/funcionarios"},"res":{"statusCode":304},"responseTime":151,"msg":"request completed"}
{"level":30,"time":"2026-03-12T15:22:45.647Z","req":{"method":"GET","url":"/api/eventos"},"res":{"statusCode":304},"responseTime":169,"msg":"request completed"}
{"level":30,"time":"2026-03-12T15:22:45.656Z","req":{"method":"GET","url":"/api/eventos"},"res":{"statusCode":304},"responseTime":7,"msg":"request completed"}
{"level":30,"time":"2026-03-12T15:22:45.663Z","req":{"method":"GET","url":"/api/eventos"},"res":{"statusCode":304},"responseTime":5,"msg":"request completed"}
{"level":30,"time":"2026-03-12T15:23:20.985Z","req":{"method":"POST","url":"/api/eventos"},"action":"create_event","empresaId":"83aa9072-bb8e-4329-ad24-1aaea1d93b12","usuarioId":"e0d9f697-28a4-4c29-b4f2-d6c713d84972","eventoId":"f195045c-9572-4271-b867-4c0d6716d596","titulo":"kit popopo","msg":"Evento criado com sucesso"}
{"level":30,"time":"2026-03-12T15:23:20.989Z","req":{"method":"POST","url":"/api/eventos"},"res":{"statusCode":201},"responseTime":82,"msg":"request completed"}
{"level":30,"time":"2026-03-12T15:23:21.001Z","req":{"method":"GET","url":"/api/eventos"},"res":{"statusCode":200},"responseTime":7,"msg":"request completed"}
{"level":30,"time":"2026-03-12T15:23:21.005Z","req":{"method":"GET","url":"/api/eventos"},"res":{"statusCode":304},"responseTime":4,"msg":"request completed"}
{"level":30,"time":"2026-03-12T15:23:24.038Z","req":{"method":"GET","url":"/api/eventos/f195045c-9572-4271-b867-4c0d6716d596"},"res":{"statusCode":200},"responseTime":8,"msg":"request completed"}
{"level":30,"time":"2026-03-12T15:25:13.895Z","req":{"method":"GET","url":"/api/brinquedos"},"res":{"statusCode":304},"responseTime":3,"msg":"request completed"}
{"level":30,"time":"2026-03-12T15:25:13.896Z","req":{"method":"GET","url":"/api/eventos"},"res":{"statusCode":304},"responseTime":8,"msg":"request completed"}
{"level":30,"time":"2026-03-12T15:25:13.898Z","req":{"method":"GET","url":"/api/clientes"},"res":{"statusCode":304},"responseTime":9,"msg":"request completed"}
{"level":30,"time":"2026-03-12T15:25:13.898Z","req":{"method":"GET","url":"/api/funcionarios"},"res":{"statusCode":304},"responseTime":8,"msg":"request completed"}
{"level":30,"time":"2026-03-12T15:25:14.024Z","req":{"method":"GET","url":"/api/eventos"},"res":{"statusCode":304},"responseTime":16,"msg":"request completed"}
{"level":30,"time":"2026-03-12T15:25:14.036Z","req":{"method":"GET","url":"/api/eventos"},"res":{"statusCode":304},"responseTime":5,"msg":"request completed"}
{"level":30,"time":"2026-03-12T15:25:14.737Z","req":{"method":"GET","url":"/api/eventos/f195045c-9572-4271-b867-4c0d6716d596"},"res":{"statusCode":304},"responseTime":8,"msg":"request completed"}
{"level":30,"time":"2026-03-12T15:25:43.400Z","req":{"method":"PUT","url":"/api/eventos/f195045c-9572-4271-b867-4c0d6716d596"},"action":"update_event","empresaId":"83aa9072-bb8e-4329-ad24-1aaea1d93b12","usuarioId":"e0d9f697-28a4-4c29-b4f2-d6c713d84972","eventoId":"f195045c-9572-4271-b867-4c0d6716d596","titulo":"kit popopo","msg":"Evento atualizado com sucesso"}
{"level":30,"time":"2026-03-12T15:25:43.424Z","req":{"method":"PUT","url":"/api/eventos/f195045c-9572-4271-b867-4c0d6716d596"},"res":{"statusCode":200},"responseTime":71,"msg":"request completed"}
{"level":30,"time":"2026-03-12T15:25:43.441Z","req":{"method":"GET","url":"/api/eventos"},"res":{"statusCode":304},"responseTime":7,"msg":"request completed"}
{"level":30,"time":"2026-03-12T15:25:43.448Z","req":{"method":"GET","url":"/api/eventos"},"res":{"statusCode":304},"responseTime":5,"msg":"request completed"}
{"level":30,"time":"2026-03-12T15:26:28.136Z","req":{"method":"PUT","url":"/api/brinquedos/2"},"action":"update_brinquedo","empresaId":"83aa9072-bb8e-4329-ad24-1aaea1d93b12","usuarioId":"e0d9f697-28a4-4c29-b4f2-d6c713d84972","brinquedoId":2,"nome":"Tobogâ","msg":"Brinquedo atualizado com sucesso"}
{"level":30,"time":"2026-03-12T15:26:28.136Z","req":{"method":"PUT","url":"/api/brinquedos/2"},"res":{"statusCode":200},"responseTime":13,"msg":"request completed"}
{"level":30,"time":"2026-03-12T15:26:28.144Z","req":{"method":"GET","url":"/api/brinquedos"},"res":{"statusCode":200},"responseTime":2,"msg":"request completed"}
{"level":30,"time":"2026-03-12T15:26:42.121Z","req":{"method":"PUT","url":"/api/brinquedos/1"},"action":"update_brinquedo","empresaId":"83aa9072-bb8e-4329-ad24-1aaea1d93b12","usuarioId":"e0d9f697-28a4-4c29-b4f2-d6c713d84972","brinquedoId":1,"nome":"Pula Pula 5M","msg":"Brinquedo atualizado com sucesso"}
{"level":30,"time":"2026-03-12T15:26:42.121Z","req":{"method":"PUT","url":"/api/brinquedos/1"},"res":{"statusCode":200},"responseTime":5,"msg":"request completed"}
{"level":30,"time":"2026-03-12T15:26:42.128Z","req":{"method":"GET","url":"/api/brinquedos"},"res":{"statusCode":200},"responseTime":2,"msg":"request completed"}
{"level":30,"time":"2026-03-12T15:28:20.726Z","req":{"method":"POST","url":"/api/eventos"},"action":"create_event","empresaId":"83aa9072-bb8e-4329-ad24-1aaea1d93b12","usuarioId":"e0d9f697-28a4-4c29-b4f2-d6c713d84972","eventoId":"c7df0788-1e74-446b-86c8-1897d5354b89","titulo":"kit pepepe","msg":"Evento criado com sucesso"}
{"level":30,"time":"2026-03-12T15:28:20.727Z","req":{"method":"POST","url":"/api/eventos"},"res":{"statusCode":201},"responseTime":75,"msg":"request completed"}
{"level":30,"time":"2026-03-12T15:28:20.739Z","req":{"method":"GET","url":"/api/eventos"},"res":{"statusCode":200},"responseTime":7,"msg":"request completed"}
{"level":30,"time":"2026-03-12T15:34:24.883Z","req":{"method":"GET","url":"/api/clientes"},"res":{"statusCode":304},"responseTime":94,"msg":"request completed"}
{"level":30,"time":"2026-03-12T15:34:24.889Z","req":{"method":"GET","url":"/api/eventos"},"res":{"statusCode":304},"responseTime":102,"msg":"request completed"}
{"level":30,"time":"2026-03-12T15:34:26.620Z","req":{"method":"GET","url":"/api/brinquedos"},"res":{"statusCode":304},"responseTime":4,"msg":"request completed"}
{"level":30,"time":"2026-03-12T15:35:42.555Z","req":{"method":"GET","url":"/api/funcionarios"},"res":{"statusCode":304},"responseTime":13,"msg":"request completed"}
{"level":30,"time":"2026-03-12T15:35:42.559Z","req":{"method":"GET","url":"/api/eventos/f195045c-9572-4271-b867-4c0d6716d596"},"res":{"statusCode":200},"responseTime":21,"msg":"request completed"}
{"level":30,"time":"2026-03-12T15:35:44.553Z","req":{"method":"PUT","url":"/api/eventos/f195045c-9572-4271-b867-4c0d6716d596"},"action":"update_event","empresaId":"83aa9072-bb8e-4329-ad24-1aaea1d93b12","usuarioId":"e0d9f697-28a4-4c29-b4f2-d6c713d84972","eventoId":"f195045c-9572-4271-b867-4c0d6716d596","titulo":"kit popopo","msg":"Evento atualizado com sucesso"}
{"level":30,"time":"2026-03-12T15:35:44.561Z","req":{"method":"PUT","url":"/api/eventos/f195045c-9572-4271-b867-4c0d6716d596"},"res":{"statusCode":200},"responseTime":21,"msg":"request completed"}
{"level":30,"time":"2026-03-12T15:35:44.574Z","req":{"method":"GET","url":"/api/eventos"},"res":{"statusCode":200},"responseTime":9,"msg":"request completed"}
{"level":30,"time":"2026-03-12T15:35:44.580Z","req":{"method":"GET","url":"/api/eventos"},"res":{"statusCode":304},"responseTime":4,"msg":"request completed"}
{"level":30,"time":"2026-03-12T15:35:48.356Z","req":{"method":"GET","url":"/api/eventos/cb7390e2-d177-4878-a476-143ad6c9dcb9"},"res":{"statusCode":200},"responseTime":4,"msg":"request completed"}
{"level":30,"time":"2026-03-12T15:35:54.239Z","req":{"method":"PUT","url":"/api/eventos/cb7390e2-d177-4878-a476-143ad6c9dcb9"},"action":"update_event","empresaId":"83aa9072-bb8e-4329-ad24-1aaea1d93b12","usuarioId":"e0d9f697-28a4-4c29-b4f2-d6c713d84972","eventoId":"cb7390e2-d177-4878-a476-143ad6c9dcb9","titulo":"kit piriri","msg":"Evento atualizado com sucesso"}
{"level":30,"time":"2026-03-12T15:35:54.241Z","req":{"method":"PUT","url":"/api/eventos/cb7390e2-d177-4878-a476-143ad6c9dcb9"},"res":{"statusCode":200},"responseTime":9,"msg":"request completed"}
{"level":30,"time":"2026-03-12T15:35:54.253Z","req":{"method":"GET","url":"/api/eventos"},"res":{"statusCode":200},"responseTime":6,"msg":"request completed"}
{"level":30,"time":"2026-03-12T15:35:54.260Z","req":{"method":"GET","url":"/api/eventos"},"res":{"statusCode":304},"responseTime":6,"msg":"request completed"}
{"level":30,"time":"2026-03-12T15:35:59.471Z","req":{"method":"GET","url":"/api/brinquedos"},"res":{"statusCode":304},"responseTime":10,"msg":"request completed"}
{"level":30,"time":"2026-03-12T15:35:59.472Z","req":{"method":"GET","url":"/api/eventos"},"res":{"statusCode":304},"responseTime":12,"msg":"request completed"}
{"level":30,"time":"2026-03-12T15:35:59.474Z","req":{"method":"GET","url":"/api/clientes"},"res":{"statusCode":304},"responseTime":11,"msg":"request completed"}
{"level":30,"time":"2026-03-12T15:35:59.565Z","req":{"method":"GET","url":"/api/eventos"},"res":{"statusCode":304},"responseTime":9,"msg":"request completed"}
{"level":30,"time":"2026-03-12T15:35:59.583Z","req":{"method":"GET","url":"/api/eventos"},"res":{"statusCode":304},"responseTime":16,"msg":"request completed"}
{"level":30,"time":"2026-03-12T15:35:59.591Z","req":{"method":"GET","url":"/api/funcionarios"},"res":{"statusCode":304},"responseTime":124,"msg":"request completed"}
{"level":30,"time":"2026-03-12T15:36:00.849Z","req":{"method":"GET","url":"/api/eventos/cb7390e2-d177-4878-a476-143ad6c9dcb9"},"res":{"statusCode":200},"responseTime":18,"msg":"request completed"}
{"level":30,"time":"2026-03-12T15:36:08.485Z","req":{"method":"PUT","url":"/api/eventos/cb7390e2-d177-4878-a476-143ad6c9dcb9"},"action":"update_event","empresaId":"83aa9072-bb8e-4329-ad24-1aaea1d93b12","usuarioId":"e0d9f697-28a4-4c29-b4f2-d6c713d84972","eventoId":"cb7390e2-d177-4878-a476-143ad6c9dcb9","titulo":"kit piriri","msg":"Evento atualizado com sucesso"}
{"level":30,"time":"2026-03-12T15:36:08.490Z","req":{"method":"PUT","url":"/api/eventos/cb7390e2-d177-4878-a476-143ad6c9dcb9"},"res":{"statusCode":200},"responseTime":15,"msg":"request completed"}
{"level":30,"time":"2026-03-12T15:36:08.504Z","req":{"method":"GET","url":"/api/eventos"},"res":{"statusCode":200},"responseTime":8,"msg":"request completed"}
{"level":30,"time":"2026-03-12T15:36:08.511Z","req":{"method":"GET","url":"/api/eventos"},"res":{"statusCode":304},"responseTime":5,"msg":"request completed"}
{"level":30,"time":"2026-03-12T15:36:21.020Z","req":{"method":"GET","url":"/api/clientes"},"res":{"statusCode":304},"responseTime":9,"msg":"request completed"}
{"level":30,"time":"2026-03-12T15:36:21.025Z","req":{"method":"GET","url":"/api/funcionarios"},"res":{"statusCode":304},"responseTime":10,"msg":"request completed"}
{"level":30,"time":"2026-03-12T15:36:21.027Z","req":{"method":"GET","url":"/api/eventos"},"res":{"statusCode":304},"responseTime":17,"msg":"request completed"}
{"level":30,"time":"2026-03-12T15:36:21.028Z","req":{"method":"GET","url":"/api/brinquedos"},"res":{"statusCode":304},"responseTime":11,"msg":"request completed"}
{"level":30,"time":"2026-03-12T15:36:21.057Z","req":{"method":"GET","url":"/api/eventos"},"res":{"statusCode":304},"responseTime":5,"msg":"request completed"}
{"level":30,"time":"2026-03-12T15:36:21.065Z","req":{"method":"GET","url":"/api/eventos"},"res":{"statusCode":304},"responseTime":7,"msg":"request completed"}
{"level":30,"time":"2026-03-12T15:37:09.159Z","req":{"method":"GET","url":"/api/eventos/cb7390e2-d177-4878-a476-143ad6c9dcb9"},"res":{"statusCode":200},"responseTime":6,"msg":"request completed"}
{"level":30,"time":"2026-03-12T15:47:10.841Z","req":{"method":"GET","url":"/api/eventos"},"res":{"statusCode":304},"responseTime":84,"msg":"request completed"}
{"level":30,"time":"2026-03-12T15:47:10.863Z","req":{"method":"GET","url":"/api/clientes"},"res":{"statusCode":304},"responseTime":104,"msg":"request completed"}
{"level":30,"time":"2026-03-12T17:01:29.476Z","req":{"method":"GET","url":"/api/funcionarios"},"res":{"statusCode":304},"responseTime":107,"msg":"request completed"}
{"level":30,"time":"2026-03-12T17:01:29.478Z","req":{"method":"GET","url":"/api/brinquedos"},"res":{"statusCode":304},"responseTime":113,"msg":"request completed"}
{"level":30,"time":"2026-03-12T17:01:29.479Z","req":{"method":"GET","url":"/api/clientes"},"res":{"statusCode":304},"responseTime":153,"msg":"request completed"}
{"level":30,"time":"2026-03-12T17:02:52.459Z","req":{"method":"GET","url":"/api/eventos"},"res":{"statusCode":304},"responseTime":40,"msg":"request completed"}
{"level":30,"time":"2026-03-12T18:09:22.093Z","req":{"method":"GET","url":"/"},"res":{"statusCode":404},"responseTime":104,"msg":"request completed"}
{"level":30,"time":"2026-03-12T18:09:34.122Z","req":{"method":"GET","url":"/"},"res":{"statusCode":404},"responseTime":2,"msg":"request completed"}
{"level":40,"time":"2026-03-13T18:26:29.233Z","req":{"method":"POST","url":"/api/auth/login"},"action":"login_failed","email":"admin@admin.com","msg":"Tentativa de login com email inexistente"}
{"level":30,"time":"2026-03-13T18:26:29.237Z","req":{"method":"POST","url":"/api/auth/login"},"res":{"statusCode":401},"responseTime":66,"msg":"request completed"}
{"level":40,"time":"2026-03-13T18:26:52.411Z","req":{"method":"POST","url":"/api/auth/login"},"action":"login_failed","email":"admin@admin.com","msg":"Tentativa de login com email inexistente"}
{"level":30,"time":"2026-03-13T18:26:52.412Z","req":{"method":"POST","url":"/api/auth/login"},"res":{"statusCode":401},"responseTime":4,"msg":"request completed"}
{"level":40,"time":"2026-03-13T18:47:16.545Z","req":{"method":"POST","url":"/api/auth/login"},"action":"login_failed","email":"admin@admin.com","msg":"Tentativa de login com email inexistente"}
{"level":30,"time":"2026-03-13T18:47:16.549Z","req":{"method":"POST","url":"/api/auth/login"},"res":{"statusCode":401},"responseTime":59,"msg":"request completed"}
{"level":40,"time":"2026-03-13T18:47:57.573Z","req":{"method":"POST","url":"/api/auth/login"},"action":"login_failed","email":"admin@admin.com","msg":"Tentativa de login com email inexistente"}
{"level":30,"time":"2026-03-13T18:47:57.573Z","req":{"method":"POST","url":"/api/auth/login"},"res":{"statusCode":401},"responseTime":5,"msg":"request completed"}
{"level":30,"time":"2026-03-13T18:52:36.641Z","req":{"method":"POST","url":"/api/auth/login"},"action":"login_success","empresaId":"4dd1a7e8-d1f5-4655-b2aa-f80475038959","userId":"8a288cb8-f542-4ab5-8582-633e61d66010","email":"admin@local.com","msg":"Login realizado com sucesso"}
{"level":30,"time":"2026-03-13T18:52:36.649Z","req":{"method":"POST","url":"/api/auth/login"},"res":{"statusCode":200},"responseTime":326,"msg":"request completed"}
{"level":30,"time":"2026-03-13T18:55:58.383Z","req":{"method":"POST","url":"/api/auth/login"},"action":"login_success","empresaId":"4dd1a7e8-d1f5-4655-b2aa-f80475038959","userId":"8a288cb8-f542-4ab5-8582-633e61d66010","email":"admin@local.com","msg":"Login realizado com sucesso"}
{"level":30,"time":"2026-03-13T18:55:58.384Z","req":{"method":"POST","url":"/api/auth/login"},"res":{"statusCode":200},"responseTime":91,"msg":"request completed"}
{"level":30,"time":"2026-03-13T18:55:58.503Z","req":{"method":"GET","url":"/api/funcionarios"},"res":{"statusCode":200},"responseTime":27,"msg":"request completed"}
{"level":30,"time":"2026-03-13T18:55:58.526Z","req":{"method":"GET","url":"/api/brinquedos"},"res":{"statusCode":200},"responseTime":48,"msg":"request completed"}
{"level":30,"time":"2026-03-13T18:55:58.539Z","req":{"method":"GET","url":"/api/clientes"},"res":{"statusCode":200},"responseTime":72,"msg":"request completed"}
{"level":30,"time":"2026-03-13T18:55:58.541Z","req":{"method":"GET","url":"/api/eventos"},"res":{"statusCode":200},"responseTime":100,"msg":"request completed"}
{"level":30,"time":"2026-03-13T18:55:58.554Z","req":{"method":"GET","url":"/api/eventos"},"res":{"statusCode":304},"responseTime":8,"msg":"request completed"}
{"level":30,"time":"2026-03-13T18:56:56.506Z","req":{"method":"GET","url":"/"},"res":{"statusCode":404},"responseTime":8,"msg":"request completed"}
{"level":30,"time":"2026-03-13T19:13:43.429Z","req":{"method":"GET","url":"/api/eventos"},"res":{"statusCode":304},"responseTime":181,"msg":"request completed"}
{"level":30,"time":"2026-03-13T19:13:43.433Z","req":{"method":"GET","url":"/api/clientes"},"res":{"statusCode":304},"responseTime":113,"msg":"request completed"}
{"level":30,"time":"2026-03-13T19:13:43.436Z","req":{"method":"GET","url":"/api/funcionarios"},"res":{"statusCode":304},"responseTime":109,"msg":"request completed"}
{"level":30,"time":"2026-03-13T19:13:43.438Z","req":{"method":"GET","url":"/api/brinquedos"},"res":{"statusCode":304},"responseTime":107,"msg":"request completed"}
{"level":30,"time":"2026-03-13T19:13:43.453Z","req":{"method":"GET","url":"/api/eventos"},"res":{"statusCode":304},"responseTime":6,"msg":"request completed"}
{"level":30,"time":"2026-03-13T19:26:50.028Z","req":{"method":"POST","url":"/api/auth/login"},"action":"login_success","empresaId":"4dd1a7e8-d1f5-4655-b2aa-f80475038959","userId":"8a288cb8-f542-4ab5-8582-633e61d66010","email":"admin@local.com","msg":"Login realizado com sucesso"}
{"level":30,"time":"2026-03-13T19:26:50.034Z","req":{"method":"POST","url":"/api/auth/login"},"res":{"statusCode":200},"responseTime":296,"msg":"request completed"}
{"level":30,"time":"2026-03-13T19:26:50.202Z","req":{"method":"GET","url":"/api/eventos"},"res":{"statusCode":200},"responseTime":25,"msg":"request completed"}
{"level":30,"time":"2026-03-13T19:26:50.249Z","req":{"method":"GET","url":"/api/brinquedos"},"res":{"statusCode":200},"responseTime":55,"msg":"request completed"}
{"level":30,"time":"2026-03-13T19:26:50.257Z","req":{"method":"GET","url":"/api/funcionarios"},"res":{"statusCode":200},"responseTime":53,"msg":"request completed"}
{"level":30,"time":"2026-03-13T19:26:50.275Z","req":{"method":"GET","url":"/api/clientes"},"res":{"statusCode":200},"responseTime":86,"msg":"request completed"}
{"level":30,"time":"2026-03-13T19:26:50.287Z","req":{"method":"GET","url":"/api/eventos"},"res":{"statusCode":304},"responseTime":78,"msg":"request completed"}
{"level":30,"time":"2026-03-13T19:31:59.996Z","req":{"method":"GET","url":"/api/funcionarios"},"res":{"statusCode":304},"responseTime":88,"msg":"request completed"}
{"level":30,"time":"2026-03-13T19:31:59.999Z","req":{"method":"GET","url":"/api/eventos"},"res":{"statusCode":304},"responseTime":107,"msg":"request completed"}
{"level":30,"time":"2026-03-13T19:32:00.002Z","req":{"method":"GET","url":"/api/brinquedos"},"res":{"statusCode":304},"responseTime":100,"msg":"request completed"}
{"level":30,"time":"2026-03-13T19:32:00.013Z","req":{"method":"GET","url":"/api/clientes"},"res":{"statusCode":304},"responseTime":108,"msg":"request completed"}
{"level":30,"time":"2026-03-13T19:32:00.026Z","req":{"method":"GET","url":"/api/eventos"},"res":{"statusCode":304},"responseTime":12,"msg":"request completed"}
{"level":30,"time":"2026-03-13T19:49:01.862Z","req":{"method":"GET","url":"/api/eventos"},"res":{"statusCode":401},"responseTime":44,"msg":"request completed"}
{"level":30,"time":"2026-03-13T19:49:01.870Z","req":{"method":"GET","url":"/api/clientes"},"res":{"statusCode":401},"responseTime":3,"msg":"request completed"}
{"level":30,"time":"2026-03-13T19:49:01.878Z","req":{"method":"GET","url":"/api/funcionarios"},"res":{"statusCode":401},"responseTime":6,"msg":"request completed"}
{"level":30,"time":"2026-03-13T19:49:01.889Z","req":{"method":"GET","url":"/api/brinquedos"},"res":{"statusCode":401},"responseTime":8,"msg":"request completed"}
{"level":30,"time":"2026-03-13T19:49:01.915Z","req":{"method":"GET","url":"/api/eventos"},"res":{"statusCode":401},"responseTime":2,"msg":"request completed"}
{"level":40,"time":"2026-03-17T17:55:31.081Z","req":{"method":"POST","url":"/api/auth/login"},"action":"login_failed","email":"admin@admin.com","msg":"Tentativa de login com email inexistente"}
{"level":30,"time":"2026-03-17T17:55:31.093Z","req":{"method":"POST","url":"/api/auth/login"},"res":{"statusCode":401},"responseTime":154,"msg":"request completed"}
{"level":40,"time":"2026-03-17T17:55:34.837Z","req":{"method":"POST","url":"/api/auth/login"},"action":"login_failed","email":"admin@admin.com","msg":"Tentativa de login com email inexistente"}
{"level":30,"time":"2026-03-17T17:55:34.838Z","req":{"method":"POST","url":"/api/auth/login"},"res":{"statusCode":401},"responseTime":3,"msg":"request completed"}
{"level":40,"time":"2026-03-17T17:55:39.741Z","req":{"method":"POST","url":"/api/auth/login"},"action":"login_failed","email":"admin@admin.com","msg":"Tentativa de login com email inexistente"}
{"level":30,"time":"2026-03-17T17:55:39.742Z","req":{"method":"POST","url":"/api/auth/login"},"res":{"statusCode":401},"responseTime":3,"msg":"request completed"}
{"level":40,"time":"2026-03-17T17:55:49.738Z","req":{"method":"POST","url":"/api/auth/login"},"action":"login_failed","email":"admin@admin.com","msg":"Tentativa de login com email inexistente"}
{"level":30,"time":"2026-03-17T17:55:49.738Z","req":{"method":"POST","url":"/api/auth/login"},"res":{"statusCode":401},"responseTime":4,"msg":"request completed"}
{"level":40,"time":"2026-03-17T17:56:11.486Z","req":{"method":"POST","url":"/api/auth/login"},"action":"login_failed","email":"admin@admin.com","msg":"Tentativa de login com email inexistente"}
{"level":30,"time":"2026-03-17T17:56:11.487Z","req":{"method":"POST","url":"/api/auth/login"},"res":{"statusCode":401},"responseTime":4,"msg":"request completed"}
{"level":30,"time":"2026-03-17T17:59:00.325Z","req":{"method":"POST","url":"/api/auth/login"},"action":"login_success","empresaId":"4dd1a7e8-d1f5-4655-b2aa-f80475038959","userId":"8a288cb8-f542-4ab5-8582-633e61d66010","email":"admin@local.com","msg":"Login realizado com sucesso"}
{"level":30,"time":"2026-03-17T17:59:00.327Z","req":{"method":"POST","url":"/api/auth/login"},"res":{"statusCode":200},"responseTime":222,"msg":"request completed"}
{"level":30,"time":"2026-03-17T17:59:00.390Z","req":{"method":"GET","url":"/api/eventos"},"res":{"statusCode":200},"responseTime":25,"msg":"request completed"}
{"level":30,"time":"2026-03-17T17:59:00.397Z","req":{"method":"GET","url":"/api/funcionarios"},"res":{"statusCode":200},"responseTime":11,"msg":"request completed"}
{"level":30,"time":"2026-03-17T17:59:00.425Z","req":{"method":"GET","url":"/api/brinquedos"},"res":{"statusCode":200},"responseTime":41,"msg":"request completed"}
{"level":30,"time":"2026-03-17T17:59:00.434Z","req":{"method":"GET","url":"/api/eventos"},"res":{"statusCode":304},"responseTime":38,"msg":"request completed"}
{"level":30,"time":"2026-03-17T17:59:00.437Z","req":{"method":"GET","url":"/api/clientes"},"res":{"statusCode":200},"responseTime":60,"msg":"request completed"}
{"level":30,"time":"2026-03-17T18:07:22.227Z","req":{"method":"GET","url":"/api/eventos"},"res":{"statusCode":304},"responseTime":79,"msg":"request completed"}
{"level":30,"time":"2026-03-17T18:07:22.231Z","req":{"method":"GET","url":"/api/brinquedos"},"res":{"statusCode":304},"responseTime":112,"msg":"request completed"}
{"level":30,"time":"2026-03-17T18:10:15.475Z","req":{"method":"GET","url":"/api/funcionarios"},"res":{"statusCode":304},"responseTime":10,"msg":"request completed"}
{"level":30,"time":"2026-03-17T18:10:15.979Z","req":{"method":"GET","url":"/api/clientes"},"res":{"statusCode":304},"responseTime":12,"msg":"request completed"}
{"level":30,"time":"2026-03-17T18:16:48.693Z","req":{"method":"GET","url":"/api/brinquedos"},"res":{"statusCode":304},"responseTime":46,"msg":"request completed"}
{"level":30,"time":"2026-03-17T18:16:48.699Z","req":{"method":"GET","url":"/api/clientes"},"res":{"statusCode":304},"responseTime":58,"msg":"request completed"}
{"level":30,"time":"2026-03-17T18:16:48.701Z","req":{"method":"GET","url":"/api/funcionarios"},"res":{"statusCode":304},"responseTime":57,"msg":"request completed"}
{"level":30,"time":"2026-03-17T18:16:48.712Z","req":{"method":"GET","url":"/api/eventos"},"res":{"statusCode":304},"responseTime":100,"msg":"request completed"}
{"level":30,"time":"2026-03-17T18:16:48.722Z","req":{"method":"GET","url":"/api/eventos"},"res":{"statusCode":304},"responseTime":7,"msg":"request completed"}
{"level":30,"time":"2026-03-17T18:18:35.961Z","req":{"method":"POST","url":"/api/auth/login"},"action":"login_success","empresaId":"4dd1a7e8-d1f5-4655-b2aa-f80475038959","userId":"8a288cb8-f542-4ab5-8582-633e61d66010","email":"admin@local.com","msg":"Login realizado com sucesso"}
{"level":30,"time":"2026-03-17T18:18:35.962Z","req":{"method":"POST","url":"/api/auth/login"},"res":{"statusCode":200},"responseTime":104,"msg":"request completed"}
{"level":30,"time":"2026-03-17T18:18:35.990Z","req":{"method":"GET","url":"/api/eventos"},"res":{"statusCode":304},"responseTime":6,"msg":"request completed"}
{"level":30,"time":"2026-03-17T18:19:32.140Z","req":{"method":"POST","url":"/api/auth/login"},"action":"login_success","empresaId":"4dd1a7e8-d1f5-4655-b2aa-f80475038959","userId":"8a288cb8-f542-4ab5-8582-633e61d66010","email":"admin@local.com","msg":"Login realizado com sucesso"}
{"level":30,"time":"2026-03-17T18:19:32.140Z","req":{"method":"POST","url":"/api/auth/login"},"res":{"statusCode":200},"responseTime":84,"msg":"request completed"}
{"level":30,"time":"2026-03-17T18:19:32.167Z","req":{"method":"GET","url":"/api/eventos"},"res":{"statusCode":304},"responseTime":5,"msg":"request completed"}
{"level":30,"time":"2026-03-17T18:19:35.312Z","req":{"method":"GET","url":"/api/eventos"},"res":{"statusCode":304},"responseTime":5,"msg":"request completed"}
{"level":30,"time":"2026-03-17T18:19:35.331Z","req":{"method":"GET","url":"/api/clientes"},"res":{"statusCode":304},"responseTime":17,"msg":"request completed"}
{"level":30,"time":"2026-03-17T18:19:35.339Z","req":{"method":"GET","url":"/api/brinquedos"},"res":{"statusCode":304},"responseTime":12,"msg":"request completed"}
{"level":30,"time":"2026-03-17T18:19:35.344Z","req":{"method":"GET","url":"/api/funcionarios"},"res":{"statusCode":304},"responseTime":12,"msg":"request completed"}
{"level":30,"time":"2026-03-17T18:19:35.348Z","req":{"method":"GET","url":"/api/eventos"},"res":{"statusCode":304},"responseTime":8,"msg":"request completed"}
{"level":40,"time":"2026-03-17T18:46:18.904Z","req":{"method":"POST","url":"/api/auth/login"},"action":"login_failed","email":"admin@admin.com","msg":"Tentativa de login com email inexistente"}
{"level":30,"time":"2026-03-17T18:46:18.924Z","req":{"method":"POST","url":"/api/auth/login"},"res":{"statusCode":401},"responseTime":224,"msg":"request completed"}
{"level":40,"time":"2026-03-17T18:46:25.508Z","req":{"method":"POST","url":"/api/auth/login"},"action":"login_failed","email":"admin@admin.com","msg":"Tentativa de login com email inexistente"}
{"level":30,"time":"2026-03-17T18:46:25.510Z","req":{"method":"POST","url":"/api/auth/login"},"res":{"statusCode":401},"responseTime":6,"msg":"request completed"}
{"level":30,"time":"2026-03-17T18:47:04.439Z","req":{"method":"POST","url":"/api/auth/login"},"action":"login_success","empresaId":"4dd1a7e8-d1f5-4655-b2aa-f80475038959","userId":"8a288cb8-f542-4ab5-8582-633e61d66010","email":"admin@local.com","msg":"Login realizado com sucesso"}
{"level":30,"time":"2026-03-17T18:47:04.440Z","req":{"method":"POST","url":"/api/auth/login"},"res":{"statusCode":200},"responseTime":132,"msg":"request completed"}
{"level":30,"time":"2026-03-17T18:47:04.531Z","req":{"method":"GET","url":"/api/eventos"},"res":{"statusCode":304},"responseTime":23,"msg":"request completed"}
{"level":30,"time":"2026-03-17T18:47:04.545Z","req":{"method":"GET","url":"/api/eventos"},"res":{"statusCode":304},"responseTime":5,"msg":"request completed"}
{"level":30,"time":"2026-03-17T18:47:04.563Z","req":{"method":"GET","url":"/api/brinquedos"},"res":{"statusCode":304},"responseTime":39,"msg":"request completed"}
{"level":30,"time":"2026-03-17T18:47:04.568Z","req":{"method":"GET","url":"/api/funcionarios"},"res":{"statusCode":304},"responseTime":47,"msg":"request completed"}
{"level":30,"time":"2026-03-17T18:47:04.571Z","req":{"method":"GET","url":"/api/clientes"},"res":{"statusCode":304},"responseTime":57,"msg":"request completed"}
{"level":30,"time":"2026-03-17T18:47:39.174Z","req":{"method":"GET","url":"/api/eventos"},"res":{"statusCode":304},"responseTime":25,"msg":"request completed"}
{"level":30,"time":"2026-03-17T18:47:39.175Z","req":{"method":"GET","url":"/api/clientes"},"res":{"statusCode":304},"responseTime":16,"msg":"request completed"}
{"level":30,"time":"2026-03-17T18:47:39.176Z","req":{"method":"GET","url":"/api/funcionarios"},"res":{"statusCode":304},"responseTime":14,"msg":"request completed"}
{"level":30,"time":"2026-03-17T18:47:39.178Z","req":{"method":"GET","url":"/api/brinquedos"},"res":{"statusCode":304},"responseTime":15,"msg":"request completed"}
{"level":30,"time":"2026-03-17T18:47:39.193Z","req":{"method":"GET","url":"/api/eventos"},"res":{"statusCode":304},"responseTime":12,"msg":"request completed"}
{"level":40,"time":"2026-03-17T18:51:22.963Z","req":{"method":"POST","url":"/api/auth/login"},"action":"login_failed","email":"admin@admin.com","msg":"Tentativa de login com email inexistente"}
{"level":30,"time":"2026-03-17T18:51:22.964Z","req":{"method":"POST","url":"/api/auth/login"},"res":{"statusCode":401},"responseTime":11,"msg":"request completed"}
{"level":30,"time":"2026-03-17T18:54:49.348Z","req":{"method":"POST","url":"/api/auth/login"},"action":"login_success","empresaId":"4dd1a7e8-d1f5-4655-b2aa-f80475038959","userId":"8a288cb8-f542-4ab5-8582-633e61d66010","email":"admin@local.com","msg":"Login realizado com sucesso"}
{"level":30,"time":"2026-03-17T18:54:49.349Z","req":{"method":"POST","url":"/api/auth/login"},"res":{"statusCode":200},"responseTime":152,"msg":"request completed"}
{"level":30,"time":"2026-03-17T18:54:49.401Z","req":{"method":"GET","url":"/api/eventos"},"res":{"statusCode":304},"responseTime":19,"msg":"request completed"}
{"level":30,"time":"2026-03-17T18:54:49.421Z","req":{"method":"GET","url":"/api/clientes"},"res":{"statusCode":304},"responseTime":32,"msg":"request completed"}
{"level":30,"time":"2026-03-17T18:54:49.431Z","req":{"method":"GET","url":"/api/funcionarios"},"res":{"statusCode":304},"responseTime":38,"msg":"request completed"}
{"level":30,"time":"2026-03-17T18:54:49.444Z","req":{"method":"GET","url":"/api/brinquedos"},"res":{"statusCode":304},"responseTime":43,"msg":"request completed"}
{"level":30,"time":"2026-03-17T18:54:49.447Z","req":{"method":"GET","url":"/api/eventos"},"res":{"statusCode":304},"responseTime":39,"msg":"request completed"}
{"level":30,"time":"2026-03-17T18:54:51.408Z","req":{"method":"GET","url":"/api/admin/empresas"},"res":{"statusCode":200},"responseTime":61,"msg":"request completed"}
{"level":30,"time":"2026-03-17T18:54:57.580Z","req":{"method":"GET","url":"/api/admin/convites"},"res":{"statusCode":200},"responseTime":7,"msg":"request completed"}
{"level":30,"time":"2026-03-17T18:54:58.391Z","req":{"method":"GET","url":"/api/system-logs?page=1&limit=20"},"res":{"statusCode":200},"responseTime":11,"msg":"request completed"}
{"level":30,"time":"2026-03-17T18:55:33.362Z","req":{"method":"POST","url":"/api/auth/login"},"action":"login_success","empresaId":"4dd1a7e8-d1f5-4655-b2aa-f80475038959","userId":"8a288cb8-f542-4ab5-8582-633e61d66010","email":"admin@local.com","msg":"Login realizado com sucesso"}
{"level":30,"time":"2026-03-17T18:55:33.363Z","req":{"method":"POST","url":"/api/auth/login"},"res":{"statusCode":200},"responseTime":85,"msg":"request completed"}
{"level":30,"time":"2026-03-17T18:55:33.390Z","req":{"method":"GET","url":"/api/eventos"},"res":{"statusCode":304},"responseTime":3,"msg":"request completed"}
{"level":30,"time":"2026-03-17T18:55:55.764Z","req":{"method":"POST","url":"/api/auth/register"},"action":"register_success","empresaId":"4dd1a7e8-d1f5-4655-b2aa-f80475038959","userId":"ba549bb1-5ed7-448f-89fb-59040ab26615","email":"admin@admin.com","msg":"Usuário registrado com sucesso"}
{"level":30,"time":"2026-03-17T18:55:55.764Z","req":{"method":"POST","url":"/api/auth/register"},"res":{"statusCode":201},"responseTime":134,"msg":"request completed"}
{"level":30,"time":"2026-03-17T18:55:55.788Z","req":{"method":"GET","url":"/api/eventos"},"res":{"statusCode":304},"responseTime":5,"msg":"request completed"}
{"level":30,"time":"2026-03-17T18:56:00.056Z","req":{"method":"GET","url":"/api/eventos"},"res":{"statusCode":304},"responseTime":11,"msg":"request completed"}
{"level":30,"time":"2026-03-17T18:56:00.061Z","req":{"method":"GET","url":"/api/clientes"},"res":{"statusCode":304},"responseTime":12,"msg":"request completed"}
{"level":30,"time":"2026-03-17T18:56:00.065Z","req":{"method":"GET","url":"/api/funcionarios"},"res":{"statusCode":304},"responseTime":8,"msg":"request completed"}
{"level":30,"time":"2026-03-17T18:56:00.071Z","req":{"method":"GET","url":"/api/brinquedos"},"res":{"statusCode":304},"responseTime":9,"msg":"request completed"}
{"level":30,"time":"2026-03-17T18:56:00.072Z","req":{"method":"GET","url":"/api/eventos"},"res":{"statusCode":304},"responseTime":6,"msg":"request completed"}
{"level":30,"time":"2026-03-17T18:56:30.123Z","req":{"method":"GET","url":"/api/brinquedos"},"res":{"statusCode":304},"responseTime":7,"msg":"request completed"}
{"level":30,"time":"2026-03-17T18:56:30.129Z","req":{"method":"GET","url":"/api/eventos"},"res":{"statusCode":304},"responseTime":10,"msg":"request completed"}
{"level":30,"time":"2026-03-17T18:56:30.135Z","req":{"method":"GET","url":"/api/funcionarios"},"res":{"statusCode":304},"responseTime":12,"msg":"request completed"}
{"level":30,"time":"2026-03-17T18:56:30.155Z","req":{"method":"GET","url":"/api/clientes"},"res":{"statusCode":304},"responseTime":20,"msg":"request completed"}
{"level":30,"time":"2026-03-17T18:56:30.156Z","req":{"method":"GET","url":"/api/eventos"},"res":{"statusCode":304},"responseTime":12,"msg":"request completed"}
{"level":30,"time":"2026-03-17T19:01:52.636Z","req":{"method":"GET","url":"/api/clientes"},"res":{"statusCode":304},"responseTime":135,"msg":"request completed"}
{"level":30,"time":"2026-03-17T19:02:13.582Z","req":{"method":"POST","url":"/api/clientes"},"action":"create_cliente","empresaId":"4dd1a7e8-d1f5-4655-b2aa-f80475038959","usuarioId":"ba549bb1-5ed7-448f-89fb-59040ab26615","clienteId":1,"nome":"Generico","msg":"Cliente criado com sucesso"}
{"level":30,"time":"2026-03-17T19:02:13.583Z","req":{"method":"POST","url":"/api/clientes"},"res":{"statusCode":201},"responseTime":53,"msg":"request completed"}
{"level":30,"time":"2026-03-17T19:02:13.604Z","req":{"method":"GET","url":"/api/clientes"},"res":{"statusCode":200},"responseTime":14,"msg":"request completed"}
{"level":30,"time":"2026-03-17T19:02:15.081Z","req":{"method":"GET","url":"/api/funcionarios"},"res":{"statusCode":304},"responseTime":13,"msg":"request completed"}
{"level":30,"time":"2026-03-17T19:02:49.770Z","req":{"method":"POST","url":"/api/funcionarios"},"action":"create_funcionario","empresaId":"4dd1a7e8-d1f5-4655-b2aa-f80475038959","usuarioId":"ba549bb1-5ed7-448f-89fb-59040ab26615","funcionarioId":1,"nome":"Sonia","msg":"Funcionário criado com sucesso"}
{"level":30,"time":"2026-03-17T19:02:49.771Z","req":{"method":"POST","url":"/api/funcionarios"},"res":{"statusCode":201},"responseTime":23,"msg":"request completed"}
{"level":30,"time":"2026-03-17T19:02:49.781Z","req":{"method":"GET","url":"/api/funcionarios"},"res":{"statusCode":200},"responseTime":4,"msg":"request completed"}
{"level":30,"time":"2026-03-17T19:02:51.933Z","req":{"method":"GET","url":"/api/brinquedos"},"res":{"statusCode":304},"responseTime":6,"msg":"request completed"}
{"level":30,"time":"2026-03-17T19:03:09.132Z","req":{"method":"POST","url":"/api/brinquedos"},"action":"create_brinquedo","empresaId":"4dd1a7e8-d1f5-4655-b2aa-f80475038959","usuarioId":"ba549bb1-5ed7-448f-89fb-59040ab26615","brinquedoId":1,"nome":"Pula Pula ","msg":"Brinquedo criado com sucesso"}
{"level":30,"time":"2026-03-17T19:03:09.136Z","req":{"method":"POST","url":"/api/brinquedos"},"res":{"statusCode":201},"responseTime":30,"msg":"request completed"}
{"level":30,"time":"2026-03-17T19:03:09.151Z","req":{"method":"GET","url":"/api/brinquedos"},"res":{"statusCode":200},"responseTime":7,"msg":"request completed"}
{"level":30,"time":"2026-03-17T19:03:11.017Z","req":{"method":"GET","url":"/api/eventos"},"res":{"statusCode":304},"responseTime":7,"msg":"request completed"}
{"level":30,"time":"2026-03-17T19:03:34.887Z","req":{"method":"POST","url":"/api/eventos"},"action":"create_event","empresaId":"4dd1a7e8-d1f5-4655-b2aa-f80475038959","usuarioId":"ba549bb1-5ed7-448f-89fb-59040ab26615","eventoId":"2a954150-5e21-460e-893c-7dc19836b390","titulo":"Kit festa prefeitura","msg":"Evento criado com sucesso"}
{"level":30,"time":"2026-03-17T19:03:34.888Z","req":{"method":"POST","url":"/api/eventos"},"res":{"statusCode":201},"responseTime":57,"msg":"request completed"}
{"level":30,"time":"2026-03-17T19:03:34.908Z","req":{"method":"GET","url":"/api/eventos"},"res":{"statusCode":200},"responseTime":11,"msg":"request completed"}
{"level":30,"time":"2026-03-17T19:03:34.919Z","req":{"method":"GET","url":"/api/eventos"},"res":{"statusCode":304},"responseTime":7,"msg":"request completed"}
{"level":30,"time":"2026-03-17T19:03:38.972Z","req":{"method":"GET","url":"/api/eventos"},"res":{"statusCode":304},"responseTime":9,"msg":"request completed"}
{"level":30,"time":"2026-03-17T19:03:38.974Z","req":{"method":"GET","url":"/api/funcionarios"},"res":{"statusCode":304},"responseTime":6,"msg":"request completed"}
{"level":30,"time":"2026-03-17T19:03:38.992Z","req":{"method":"GET","url":"/api/brinquedos"},"res":{"statusCode":304},"responseTime":18,"msg":"request completed"}
{"level":30,"time":"2026-03-17T19:03:39.004Z","req":{"method":"GET","url":"/api/eventos"},"res":{"statusCode":304},"responseTime":8,"msg":"request completed"}
{"level":30,"time":"2026-03-17T19:03:39.012Z","req":{"method":"GET","url":"/api/clientes"},"res":{"statusCode":304},"responseTime":47,"msg":"request completed"}
{"level":30,"time":"2026-03-17T19:09:28.133Z","req":{"method":"GET","url":"/api/brinquedos"},"res":{"statusCode":304},"responseTime":101,"msg":"request completed"}
{"level":30,"time":"2026-03-17T19:09:28.135Z","req":{"method":"GET","url":"/api/funcionarios"},"res":{"statusCode":304},"responseTime":99,"msg":"request completed"}
{"level":30,"time":"2026-03-17T19:09:28.140Z","req":{"method":"GET","url":"/api/clientes"},"res":{"statusCode":304},"responseTime":160,"msg":"request completed"}
{"level":30,"time":"2026-03-17T19:09:49.618Z","req":{"method":"POST","url":"/api/eventos"},"action":"create_event","empresaId":"4dd1a7e8-d1f5-4655-b2aa-f80475038959","usuarioId":"ba549bb1-5ed7-448f-89fb-59040ab26615","eventoId":"bdc9b752-0a51-4c68-94f9-ae5e92c86090","titulo":"Kit teste","msg":"Evento criado com sucesso"}
{"level":30,"time":"2026-03-17T19:09:49.618Z","req":{"method":"POST","url":"/api/eventos"},"res":{"statusCode":201},"responseTime":34,"msg":"request completed"}
{"level":30,"time":"2026-03-17T19:09:49.640Z","req":{"method":"GET","url":"/api/eventos"},"res":{"statusCode":200},"responseTime":12,"msg":"request completed"}
{"level":30,"time":"2026-03-17T19:09:49.651Z","req":{"method":"GET","url":"/api/eventos"},"res":{"statusCode":304},"responseTime":6,"msg":"request completed"}
{"level":30,"time":"2026-03-17T19:10:25.993Z","req":{"method":"GET","url":"/api/eventos/2a954150-5e21-460e-893c-7dc19836b390"},"res":{"statusCode":200},"responseTime":32,"msg":"request completed"}
{"level":30,"time":"2026-03-17T19:17:09.923Z","req":{"method":"GET","url":"/api/funcionarios"},"res":{"statusCode":304},"responseTime":58,"msg":"request completed"}
{"level":30,"time":"2026-03-17T19:17:09.926Z","req":{"method":"GET","url":"/api/brinquedos"},"res":{"statusCode":304},"responseTime":58,"msg":"request completed"}
{"level":30,"time":"2026-03-17T19:17:09.943Z","req":{"method":"GET","url":"/api/eventos"},"res":{"statusCode":304},"responseTime":104,"msg":"request completed"}
{"level":30,"time":"2026-03-17T19:17:09.962Z","req":{"method":"GET","url":"/api/clientes"},"res":{"statusCode":304},"responseTime":88,"msg":"request completed"}
{"level":30,"time":"2026-03-17T19:17:09.979Z","req":{"method":"GET","url":"/api/eventos"},"res":{"statusCode":304},"responseTime":22,"msg":"request completed"}
{"level":30,"time":"2026-03-18T17:22:03.892Z","req":{"method":"POST","url":"/api/auth/login"},"action":"login_success","empresaId":"4dd1a7e8-d1f5-4655-b2aa-f80475038959","userId":"ba549bb1-5ed7-448f-89fb-59040ab26615","email":"admin@admin.com","msg":"Login realizado com sucesso"}
{"level":30,"time":"2026-03-18T17:22:03.896Z","req":{"method":"POST","url":"/api/auth/login"},"res":{"statusCode":200},"responseTime":217,"msg":"request completed"}
{"level":30,"time":"2026-03-18T17:22:03.985Z","req":{"method":"GET","url":"/api/clientes"},"res":{"statusCode":200},"responseTime":31,"msg":"request completed"}
{"level":30,"time":"2026-03-18T17:22:03.993Z","req":{"method":"GET","url":"/api/brinquedos"},"res":{"statusCode":200},"responseTime":30,"msg":"request completed"}
{"level":30,"time":"2026-03-18T17:22:04.000Z","req":{"method":"GET","url":"/api/funcionarios"},"res":{"statusCode":200},"responseTime":35,"msg":"request completed"}
{"level":30,"time":"2026-03-18T17:22:04.014Z","req":{"method":"GET","url":"/api/eventos"},"res":{"statusCode":200},"responseTime":53,"msg":"request completed"}
{"level":30,"time":"2026-03-18T17:22:04.031Z","req":{"method":"GET","url":"/api/eventos"},"res":{"statusCode":304},"responseTime":7,"msg":"request completed"}
{"level":30,"time":"2026-03-18T17:22:16.058Z","req":{"method":"GET","url":"/api/eventos/bdc9b752-0a51-4c68-94f9-ae5e92c86090"},"res":{"statusCode":200},"responseTime":16,"msg":"request completed"}
{"level":30,"time":"2026-03-19T20:32:44.154Z","req":{"method":"GET","url":"/api/eventos"},"res":{"statusCode":401},"responseTime":93,"msg":"request completed"}
{"level":30,"time":"2026-03-19T20:32:44.193Z","req":{"method":"GET","url":"/api/clientes"},"res":{"statusCode":401},"responseTime":9,"msg":"request completed"}
{"level":30,"time":"2026-03-19T20:32:44.202Z","req":{"method":"GET","url":"/api/brinquedos"},"res":{"statusCode":401},"responseTime":8,"msg":"request completed"}
{"level":30,"time":"2026-03-19T20:32:44.209Z","req":{"method":"GET","url":"/api/funcionarios"},"res":{"statusCode":401},"responseTime":4,"msg":"request completed"}
{"level":30,"time":"2026-03-19T20:32:44.211Z","req":{"method":"GET","url":"/api/eventos"},"res":{"statusCode":401},"responseTime":1,"msg":"request completed"}
{"level":30,"time":"2026-03-19T20:32:44.217Z","req":{"method":"GET","url":"/api/eventos"},"res":{"statusCode":401},"responseTime":1,"msg":"request completed"}
{"level":30,"time":"2026-03-19T20:34:24.227Z","req":{"method":"POST","url":"/api/auth/login"},"action":"login_success","empresaId":"05e59f14-846a-4d6e-ad19-10a0cca38ff7","userId":"d7b4360e-4ef1-48e0-a0da-cfd5887de94a","email":"admin@local.com","msg":"Login realizado com sucesso"}
{"level":30,"time":"2026-03-19T20:34:24.227Z","req":{"method":"POST","url":"/api/auth/login"},"res":{"statusCode":200},"responseTime":433,"msg":"request completed"}
{"level":30,"time":"2026-03-19T20:34:24.477Z","req":{"method":"GET","url":"/api/clientes"},"res":{"statusCode":200},"responseTime":183,"msg":"request completed"}
{"level":30,"time":"2026-03-19T20:34:24.520Z","req":{"method":"GET","url":"/api/brinquedos"},"res":{"statusCode":200},"responseTime":218,"msg":"request completed"}
{"level":30,"time":"2026-03-19T20:34:24.527Z","req":{"method":"GET","url":"/api/funcionarios"},"res":{"statusCode":200},"responseTime":228,"msg":"request completed"}
{"level":30,"time":"2026-03-19T20:34:24.808Z","req":{"method":"GET","url":"/api/eventos"},"res":{"statusCode":200},"responseTime":518,"msg":"request completed"}
{"level":30,"time":"2026-03-19T20:34:25.102Z","req":{"method":"GET","url":"/api/eventos"},"res":{"statusCode":304},"responseTime":287,"msg":"request completed"}
{"level":30,"time":"2026-03-19T20:34:25.311Z","req":{"method":"GET","url":"/api/eventos"},"res":{"statusCode":304},"responseTime":207,"msg":"request completed"}
{"level":30,"time":"2026-03-19T20:40:20.533Z","req":{"method":"GET","url":"/api/clientes"},"res":{"statusCode":304},"responseTime":166,"msg":"request completed"}
{"level":30,"time":"2026-03-19T20:40:20.567Z","req":{"method":"GET","url":"/api/funcionarios"},"res":{"statusCode":304},"responseTime":198,"msg":"request completed"}
{"level":30,"time":"2026-03-19T20:40:20.572Z","req":{"method":"GET","url":"/api/brinquedos"},"res":{"statusCode":304},"responseTime":201,"msg":"request completed"}
{"level":30,"time":"2026-03-19T20:40:20.836Z","req":{"method":"GET","url":"/api/eventos"},"res":{"statusCode":304},"responseTime":489,"msg":"request completed"}
{"level":30,"time":"2026-03-19T20:40:21.086Z","req":{"method":"GET","url":"/api/eventos"},"res":{"statusCode":304},"responseTime":239,"msg":"request completed"}
{"level":30,"time":"2026-03-19T20:40:21.290Z","req":{"method":"GET","url":"/api/eventos"},"res":{"statusCode":304},"responseTime":203,"msg":"request completed"}
{"level":30,"time":"2026-03-19T20:41:35.514Z","req":{"method":"GET","url":"/api/clientes"},"res":{"statusCode":304},"responseTime":117,"msg":"request completed"}
{"level":30,"time":"2026-03-19T20:41:35.776Z","req":{"method":"GET","url":"/api/funcionarios"},"res":{"statusCode":304},"responseTime":375,"msg":"request completed"}
{"level":30,"time":"2026-03-19T20:41:36.047Z","req":{"method":"GET","url":"/api/eventos"},"res":{"statusCode":304},"responseTime":664,"msg":"request completed"}
{"level":30,"time":"2026-03-19T20:41:36.048Z","req":{"method":"GET","url":"/api/brinquedos"},"res":{"statusCode":304},"responseTime":645,"msg":"request completed"}
{"level":30,"time":"2026-03-19T20:41:36.310Z","req":{"method":"GET","url":"/api/eventos"},"res":{"statusCode":304},"responseTime":260,"msg":"request completed"}
{"level":30,"time":"2026-03-19T20:41:36.521Z","req":{"method":"GET","url":"/api/eventos"},"res":{"statusCode":304},"responseTime":209,"msg":"request completed"}
{"level":30,"time":"2026-03-19T20:46:11.651Z","req":{"method":"GET","url":"/api/funcionarios"},"res":{"statusCode":304},"responseTime":8,"msg":"request completed"}
{"level":30,"time":"2026-03-19T20:46:11.656Z","req":{"method":"GET","url":"/api/clientes"},"res":{"statusCode":304},"responseTime":15,"msg":"request completed"}
{"level":30,"time":"2026-03-19T20:46:11.657Z","req":{"method":"GET","url":"/api/brinquedos"},"res":{"statusCode":304},"responseTime":13,"msg":"request completed"}
{"level":30,"time":"2026-03-19T20:46:12.104Z","req":{"method":"GET","url":"/api/eventos"},"res":{"statusCode":304},"responseTime":465,"msg":"request completed"}
{"level":30,"time":"2026-03-19T20:46:12.372Z","req":{"method":"GET","url":"/api/eventos"},"res":{"statusCode":304},"responseTime":265,"msg":"request completed"}
{"level":30,"time":"2026-03-19T20:46:12.657Z","req":{"method":"GET","url":"/api/eventos"},"res":{"statusCode":304},"responseTime":280,"msg":"request completed"}
{"level":30,"time":"2026-03-19T20:47:37.772Z","req":{"method":"POST","url":"/api/eventos"},"action":"create_event","empresaId":"05e59f14-846a-4d6e-ad19-10a0cca38ff7","usuarioId":"d7b4360e-4ef1-48e0-a0da-cfd5887de94a","eventoId":"ba5de0e0-3d58-4434-9c99-5b7a5c65a798","titulo":"kit teste","msg":"Evento criado com sucesso"}
{"level":30,"time":"2026-03-19T20:47:37.773Z","req":{"method":"POST","url":"/api/eventos"},"res":{"statusCode":201},"responseTime":254,"msg":"request completed"}
{"level":30,"time":"2026-03-19T20:47:38.165Z","req":{"method":"GET","url":"/api/eventos"},"res":{"statusCode":200},"responseTime":386,"msg":"request completed"}
{"level":30,"time":"2026-03-19T20:47:38.526Z","req":{"method":"GET","url":"/api/eventos"},"res":{"statusCode":304},"responseTime":344,"msg":"request completed"}
{"level":30,"time":"2026-03-19T20:47:51.298Z","req":{"method":"GET","url":"/api/eventos"},"res":{"statusCode":304},"responseTime":251,"msg":"request completed"}
{"level":30,"time":"2026-03-19T20:47:51.309Z","req":{"method":"GET","url":"/api/funcionarios"},"res":{"statusCode":304},"responseTime":233,"msg":"request completed"}
{"level":30,"time":"2026-03-19T20:47:51.311Z","req":{"method":"GET","url":"/api/brinquedos"},"res":{"statusCode":304},"responseTime":228,"msg":"request completed"}
{"level":30,"time":"2026-03-19T20:47:51.335Z","req":{"method":"GET","url":"/api/clientes"},"res":{"statusCode":304},"responseTime":285,"msg":"request completed"}
{"level":30,"time":"2026-03-19T20:47:51.514Z","req":{"method":"GET","url":"/api/eventos"},"res":{"statusCode":304},"responseTime":212,"msg":"request completed"}
{"level":30,"time":"2026-03-19T20:47:51.707Z","req":{"method":"GET","url":"/api/eventos"},"res":{"statusCode":304},"responseTime":186,"msg":"request completed"}
{"level":30,"time":"2026-03-19T20:48:44.280Z","req":{"method":"POST","url":"/api/auth/login"},"action":"login_success","empresaId":"05e59f14-846a-4d6e-ad19-10a0cca38ff7","userId":"d7b4360e-4ef1-48e0-a0da-cfd5887de94a","email":"admin@local.com","msg":"Login realizado com sucesso"}
{"level":30,"time":"2026-03-19T20:48:44.280Z","req":{"method":"POST","url":"/api/auth/login"},"res":{"statusCode":200},"responseTime":101,"msg":"request completed"}
{"level":30,"time":"2026-03-19T20:49:05.061Z","req":{"method":"POST","url":"/api/auth/login"},"action":"login_success","empresaId":"05e59f14-846a-4d6e-ad19-10a0cca38ff7","userId":"d7b4360e-4ef1-48e0-a0da-cfd5887de94a","email":"admin@local.com","msg":"Login realizado com sucesso"}
{"level":30,"time":"2026-03-19T20:49:05.062Z","req":{"method":"POST","url":"/api/auth/login"},"res":{"statusCode":200},"responseTime":82,"msg":"request completed"}
{"level":30,"time":"2026-03-19T20:49:05.472Z","req":{"method":"GET","url":"/api/eventos"},"res":{"statusCode":200},"responseTime":244,"msg":"request completed"}
{"level":30,"time":"2026-03-19T20:49:24.026Z","req":{"method":"POST","url":"/api/auth/login"},"action":"login_success","empresaId":"05e59f14-846a-4d6e-ad19-10a0cca38ff7","userId":"d7b4360e-4ef1-48e0-a0da-cfd5887de94a","email":"admin@local.com","msg":"Login realizado com sucesso"}
{"level":30,"time":"2026-03-19T20:49:24.027Z","req":{"method":"POST","url":"/api/auth/login"},"res":{"statusCode":200},"responseTime":78,"msg":"request completed"}
{"level":30,"time":"2026-03-19T20:49:24.085Z","req":{"method":"GET","url":"/api/eventos/988be375-5e09-49a9-915b-90245d3cbc3c"},"res":{"statusCode":200},"responseTime":6,"msg":"request completed"}
{"level":30,"time":"2026-03-19T20:50:37.382Z","req":{"method":"GET","url":"/api/brinquedos"},"res":{"statusCode":304},"responseTime":16,"msg":"request completed"}
{"level":30,"time":"2026-03-19T20:50:37.383Z","req":{"method":"GET","url":"/api/funcionarios"},"res":{"statusCode":304},"responseTime":19,"msg":"request completed"}
{"level":30,"time":"2026-03-19T20:50:37.410Z","req":{"method":"GET","url":"/api/clientes"},"res":{"statusCode":304},"responseTime":49,"msg":"request completed"}
{"level":30,"time":"2026-03-19T20:50:37.657Z","req":{"method":"GET","url":"/api/eventos"},"res":{"statusCode":304},"responseTime":298,"msg":"request completed"}
{"level":30,"time":"2026-03-19T20:50:37.882Z","req":{"method":"GET","url":"/api/eventos"},"res":{"statusCode":304},"responseTime":223,"msg":"request completed"}
{"level":30,"time":"2026-03-19T20:50:38.087Z","req":{"method":"GET","url":"/api/eventos"},"res":{"statusCode":304},"responseTime":193,"msg":"request completed"}
{"level":30,"time":"2026-03-19T20:51:01.588Z","req":{"method":"GET","url":"/api/funcionarios"},"res":{"statusCode":304},"responseTime":156,"msg":"request completed"}
{"level":30,"time":"2026-03-19T20:51:01.669Z","req":{"method":"GET","url":"/api/clientes"},"res":{"statusCode":304},"responseTime":224,"msg":"request completed"}
{"level":30,"time":"2026-03-19T20:51:01.679Z","req":{"method":"GET","url":"/api/brinquedos"},"res":{"statusCode":304},"responseTime":231,"msg":"request completed"}
{"level":30,"time":"2026-03-19T20:51:01.888Z","req":{"method":"GET","url":"/api/eventos"},"res":{"statusCode":304},"responseTime":445,"msg":"request completed"}
{"level":30,"time":"2026-03-19T20:51:02.108Z","req":{"method":"GET","url":"/api/eventos"},"res":{"statusCode":304},"responseTime":217,"msg":"request completed"}
{"level":30,"time":"2026-03-19T20:51:02.322Z","req":{"method":"GET","url":"/api/eventos"},"res":{"statusCode":304},"responseTime":211,"msg":"request completed"}
{"level":30,"time":"2026-03-19T20:51:21.961Z","req":{"method":"POST","url":"/api/auth/login"},"action":"login_success","empresaId":"05e59f14-846a-4d6e-ad19-10a0cca38ff7","userId":"d7b4360e-4ef1-48e0-a0da-cfd5887de94a","email":"admin@local.com","msg":"Login realizado com sucesso"}
{"level":30,"time":"2026-03-19T20:51:21.962Z","req":{"method":"POST","url":"/api/auth/login"},"res":{"statusCode":200},"responseTime":92,"msg":"request completed"}
{"level":30,"time":"2026-03-19T20:51:22.027Z","req":{"method":"GET","url":"/api/funcionarios"},"res":{"statusCode":304},"responseTime":4,"msg":"request completed"}
{"level":30,"time":"2026-03-19T20:51:22.029Z","req":{"method":"GET","url":"/api/brinquedos"},"res":{"statusCode":304},"responseTime":5,"msg":"request completed"}
{"level":30,"time":"2026-03-19T20:51:22.030Z","req":{"method":"GET","url":"/api/clientes"},"res":{"statusCode":304},"responseTime":9,"msg":"request completed"}
{"level":30,"time":"2026-03-19T20:51:22.218Z","req":{"method":"GET","url":"/api/eventos"},"res":{"statusCode":304},"responseTime":198,"msg":"request completed"}
{"level":30,"time":"2026-03-19T20:51:22.434Z","req":{"method":"GET","url":"/api/eventos"},"res":{"statusCode":304},"responseTime":213,"msg":"request completed"}
{"level":30,"time":"2026-03-19T20:51:22.619Z","req":{"method":"GET","url":"/api/eventos"},"res":{"statusCode":304},"responseTime":183,"msg":"request completed"}
{"level":30,"time":"2026-03-19T21:02:18.761Z","req":{"method":"GET","url":"/api/brinquedos"},"res":{"statusCode":304},"responseTime":118,"msg":"request completed"}
{"level":30,"time":"2026-03-19T21:02:18.776Z","req":{"method":"GET","url":"/api/eventos/988be375-5e09-49a9-915b-90245d3cbc3c"},"res":{"statusCode":200},"responseTime":127,"msg":"request completed"}
{"level":30,"time":"2026-03-19T21:02:18.777Z","req":{"method":"GET","url":"/api/eventos/ba5de0e0-3d58-4434-9c99-5b7a5c65a798"},"res":{"statusCode":200},"responseTime":123,"msg":"request completed"}
{"level":30,"time":"2026-03-19T21:02:18.984Z","req":{"method":"GET","url":"/api/eventos"},"res":{"statusCode":304},"responseTime":328,"msg":"request completed"}
{"level":30,"time":"2026-03-24T19:17:22.430Z","req":{"method":"GET","url":"/api/eventos"},"res":{"statusCode":401},"responseTime":14,"msg":"request completed"}
{"level":30,"time":"2026-03-24T19:17:22.436Z","req":{"method":"GET","url":"/api/clientes"},"res":{"statusCode":401},"responseTime":3,"msg":"request completed"}
{"level":30,"time":"2026-03-24T19:17:22.439Z","req":{"method":"GET","url":"/api/funcionarios"},"res":{"statusCode":401},"responseTime":1,"msg":"request completed"}
{"level":30,"time":"2026-03-24T19:17:22.441Z","req":{"method":"GET","url":"/api/brinquedos"},"res":{"statusCode":401},"responseTime":1,"msg":"request completed"}
{"level":30,"time":"2026-03-24T19:17:22.586Z","req":{"method":"GET","url":"/api/eventos"},"res":{"statusCode":401},"responseTime":1,"msg":"request completed"}
{"level":30,"time":"2026-03-24T19:17:22.589Z","req":{"method":"GET","url":"/api/eventos"},"res":{"statusCode":401},"responseTime":1,"msg":"request completed"}
{"level":30,"time":"2026-03-24T19:17:28.652Z","req":{"method":"POST","url":"/api/auth/login"},"action":"login_success","empresaId":"05e59f14-846a-4d6e-ad19-10a0cca38ff7","userId":"d7b4360e-4ef1-48e0-a0da-cfd5887de94a","email":"admin@local.com","msg":"Login realizado com sucesso"}
{"level":30,"time":"2026-03-24T19:17:28.652Z","req":{"method":"POST","url":"/api/auth/login"},"res":{"statusCode":200},"responseTime":534,"msg":"request completed"}
{"level":30,"time":"2026-03-24T19:17:28.854Z","req":{"method":"GET","url":"/api/funcionarios"},"res":{"statusCode":304},"responseTime":116,"msg":"request completed"}
{"level":30,"time":"2026-03-24T19:17:28.872Z","req":{"method":"GET","url":"/api/brinquedos"},"res":{"statusCode":304},"responseTime":133,"msg":"request completed"}
{"level":30,"time":"2026-03-24T19:17:28.878Z","req":{"method":"GET","url":"/api/clientes"},"res":{"statusCode":304},"responseTime":141,"msg":"request completed"}
{"level":30,"time":"2026-03-24T19:17:29.069Z","req":{"method":"GET","url":"/api/eventos"},"res":{"statusCode":200},"responseTime":336,"msg":"request completed"}
{"level":30,"time":"2026-03-24T19:17:29.267Z","req":{"method":"GET","url":"/api/eventos"},"res":{"statusCode":304},"responseTime":194,"msg":"request completed"}
{"level":30,"time":"2026-03-24T19:17:29.466Z","req":{"method":"GET","url":"/api/eventos"},"res":{"statusCode":304},"responseTime":197,"msg":"request completed"}
{"level":30,"time":"2026-03-24T19:34:07.720Z","req":{"method":"GET","url":"/api/admin/empresas"},"res":{"statusCode":200},"responseTime":445,"msg":"request completed"}
{"level":30,"time":"2026-03-24T19:34:09.564Z","req":{"method":"GET","url":"/api/admin/convites"},"res":{"statusCode":200},"responseTime":14,"msg":"request completed"}
{"level":30,"time":"2026-03-24T19:34:10.384Z","req":{"method":"GET","url":"/api/system-logs?page=1&limit=20"},"res":{"statusCode":200},"responseTime":171,"msg":"request completed"}
{"level":30,"time":"2026-03-24T19:38:52.452Z","req":{"method":"GET","url":"/api/brinquedos"},"res":{"statusCode":304},"responseTime":29,"msg":"request completed"}
{"level":30,"time":"2026-03-24T19:38:52.931Z","req":{"method":"GET","url":"/api/eventos"},"res":{"statusCode":304},"responseTime":502,"msg":"request completed"}
{"level":30,"time":"2026-03-24T19:41:56.179Z","req":{"method":"GET","url":"/api/funcionarios"},"res":{"statusCode":304},"responseTime":212,"msg":"request completed"}
{"level":30,"time":"2026-03-24T19:41:56.211Z","req":{"method":"GET","url":"/api/brinquedos"},"res":{"statusCode":304},"responseTime":237,"msg":"request completed"}
{"level":30,"time":"2026-03-24T19:41:56.217Z","req":{"method":"GET","url":"/api/clientes"},"res":{"statusCode":304},"responseTime":254,"msg":"request completed"}
{"level":30,"time":"2026-03-24T19:41:56.459Z","req":{"method":"GET","url":"/api/eventos"},"res":{"statusCode":304},"responseTime":514,"msg":"request completed"}
{"level":30,"time":"2026-03-24T19:41:56.666Z","req":{"method":"GET","url":"/api/eventos"},"res":{"statusCode":304},"responseTime":205,"msg":"request completed"}
{"level":30,"time":"2026-03-24T19:41:56.879Z","req":{"method":"GET","url":"/api/eventos"},"res":{"statusCode":304},"responseTime":211,"msg":"request completed"}
{"level":30,"time":"2026-03-25T11:09:33.223Z","req":{"method":"GET","url":"/api/funcionarios"},"res":{"statusCode":304},"responseTime":224,"msg":"request completed"}
{"level":30,"time":"2026-03-25T11:09:33.278Z","req":{"method":"GET","url":"/api/brinquedos"},"res":{"statusCode":304},"responseTime":296,"msg":"request completed"}
{"level":30,"time":"2026-03-25T11:09:33.321Z","req":{"method":"GET","url":"/api/clientes"},"res":{"statusCode":304},"responseTime":355,"msg":"request completed"}
{"level":30,"time":"2026-03-25T11:09:33.858Z","req":{"method":"GET","url":"/api/eventos"},"res":{"statusCode":304},"responseTime":1023,"msg":"request completed"}
{"level":30,"time":"2026-03-25T11:09:34.142Z","req":{"method":"GET","url":"/api/eventos"},"res":{"statusCode":304},"responseTime":282,"msg":"request completed"}
{"level":30,"time":"2026-03-25T11:09:34.866Z","req":{"method":"GET","url":"/api/eventos"},"res":{"statusCode":304},"responseTime":537,"msg":"request completed"}
{"level":30,"time":"2026-03-25T11:10:14.656Z","req":{"method":"GET","url":"/api/clientes"},"res":{"statusCode":304},"responseTime":5,"msg":"request completed"}
{"level":30,"time":"2026-03-25T11:10:14.656Z","req":{"method":"GET","url":"/api/funcionarios"},"res":{"statusCode":304},"responseTime":5,"msg":"request completed"}
{"level":30,"time":"2026-03-25T11:10:14.658Z","req":{"method":"GET","url":"/api/brinquedos"},"res":{"statusCode":304},"responseTime":6,"msg":"request completed"}
{"level":30,"time":"2026-03-25T11:10:14.890Z","req":{"method":"GET","url":"/api/eventos"},"res":{"statusCode":304},"responseTime":240,"msg":"request completed"}
{"level":30,"time":"2026-03-25T11:10:15.104Z","req":{"method":"GET","url":"/api/eventos"},"res":{"statusCode":304},"responseTime":212,"msg":"request completed"}
{"level":30,"time":"2026-03-25T11:10:15.290Z","req":{"method":"GET","url":"/api/eventos"},"res":{"statusCode":304},"responseTime":185,"msg":"request completed"}
{"level":30,"time":"2026-03-25T11:10:34.360Z","req":{"method":"GET","url":"/api/funcionarios"},"res":{"statusCode":304},"responseTime":79,"msg":"request completed"}
{"level":30,"time":"2026-03-25T11:10:34.433Z","req":{"method":"GET","url":"/api/brinquedos"},"res":{"statusCode":304},"responseTime":150,"msg":"request completed"}
{"level":30,"time":"2026-03-25T11:10:34.441Z","req":{"method":"GET","url":"/api/clientes"},"res":{"statusCode":304},"responseTime":165,"msg":"request completed"}
{"level":30,"time":"2026-03-25T11:10:34.638Z","req":{"method":"GET","url":"/api/eventos"},"res":{"statusCode":304},"responseTime":376,"msg":"request completed"}
{"level":30,"time":"2026-03-25T11:10:34.835Z","req":{"method":"GET","url":"/api/eventos"},"res":{"statusCode":304},"responseTime":196,"msg":"request completed"}
{"level":30,"time":"2026-03-25T11:10:35.038Z","req":{"method":"GET","url":"/api/eventos"},"res":{"statusCode":304},"responseTime":194,"msg":"request completed"}
{"level":30,"time":"2026-03-25T11:10:52.044Z","req":{"method":"GET","url":"/api/funcionarios"},"res":{"statusCode":304},"responseTime":10,"msg":"request completed"}
{"level":30,"time":"2026-03-25T11:10:52.046Z","req":{"method":"GET","url":"/api/clientes"},"res":{"statusCode":304},"responseTime":14,"msg":"request completed"}
{"level":30,"time":"2026-03-25T11:10:52.055Z","req":{"method":"GET","url":"/api/brinquedos"},"res":{"statusCode":304},"responseTime":5,"msg":"request completed"}
{"level":30,"time":"2026-03-25T11:10:52.298Z","req":{"method":"GET","url":"/api/eventos"},"res":{"statusCode":304},"responseTime":269,"msg":"request completed"}
{"level":30,"time":"2026-03-25T11:10:52.534Z","req":{"method":"GET","url":"/api/eventos"},"res":{"statusCode":304},"responseTime":233,"msg":"request completed"}
{"level":30,"time":"2026-03-25T11:10:52.760Z","req":{"method":"GET","url":"/api/eventos"},"res":{"statusCode":304},"responseTime":224,"msg":"request completed"}
{"level":30,"time":"2026-03-25T11:18:13.172Z","req":{"method":"GET","url":"/api/eventos"},"res":{"statusCode":304},"responseTime":845,"msg":"request completed"}
{"level":30,"time":"2026-03-25T11:18:25.194Z","req":{"method":"GET","url":"/api/clientes"},"res":{"statusCode":304},"responseTime":27,"msg":"request completed"}
{"level":30,"time":"2026-03-25T11:18:25.273Z","req":{"method":"GET","url":"/api/funcionarios"},"res":{"statusCode":304},"responseTime":96,"msg":"request completed"}
{"level":30,"time":"2026-03-25T11:18:25.278Z","req":{"method":"GET","url":"/api/brinquedos"},"res":{"statusCode":304},"responseTime":100,"msg":"request completed"}
{"level":30,"time":"2026-03-25T11:24:51.681Z","req":{"method":"GET","url":"/api/brinquedos"},"res":{"statusCode":304},"responseTime":117,"msg":"request completed"}
{"level":30,"time":"2026-03-25T11:24:51.708Z","req":{"method":"GET","url":"/api/funcionarios"},"res":{"statusCode":304},"responseTime":147,"msg":"request completed"}
{"level":30,"time":"2026-03-25T11:24:51.712Z","req":{"method":"GET","url":"/api/clientes"},"res":{"statusCode":304},"responseTime":150,"msg":"request completed"}
{"level":30,"time":"2026-03-25T11:24:52.118Z","req":{"method":"GET","url":"/api/eventos"},"res":{"statusCode":304},"responseTime":563,"msg":"request completed"}
{"level":30,"time":"2026-03-25T11:24:52.373Z","req":{"method":"GET","url":"/api/eventos"},"res":{"statusCode":304},"responseTime":217,"msg":"request completed"}
{"level":30,"time":"2026-03-25T11:24:52.553Z","req":{"method":"GET","url":"/api/eventos"},"res":{"statusCode":304},"responseTime":179,"msg":"request completed"}
{"level":30,"time":"2026-03-25T11:25:17.563Z","req":{"method":"GET","url":"/api/funcionarios"},"res":{"statusCode":304},"responseTime":9,"msg":"request completed"}
{"level":30,"time":"2026-03-25T11:25:17.564Z","req":{"method":"GET","url":"/api/brinquedos"},"res":{"statusCode":304},"responseTime":9,"msg":"request completed"}
{"level":30,"time":"2026-03-25T11:25:17.565Z","req":{"method":"GET","url":"/api/clientes"},"res":{"statusCode":304},"responseTime":13,"msg":"request completed"}
{"level":30,"time":"2026-03-25T11:25:17.913Z","req":{"method":"GET","url":"/api/eventos"},"res":{"statusCode":304},"responseTime":363,"msg":"request completed"}
{"level":30,"time":"2026-03-25T11:25:18.155Z","req":{"method":"GET","url":"/api/eventos"},"res":{"statusCode":304},"responseTime":240,"msg":"request completed"}
{"level":30,"time":"2026-03-25T11:25:18.406Z","req":{"method":"GET","url":"/api/eventos"},"res":{"statusCode":304},"responseTime":250,"msg":"request completed"}
{"level":30,"time":"2026-03-25T11:25:44.518Z","req":{"method":"GET","url":"/api/clientes"},"res":{"statusCode":304},"responseTime":5,"msg":"request completed"}
{"level":30,"time":"2026-03-25T11:25:44.520Z","req":{"method":"GET","url":"/api/brinquedos"},"res":{"statusCode":304},"responseTime":5,"msg":"request completed"}
{"level":30,"time":"2026-03-25T11:25:44.521Z","req":{"method":"GET","url":"/api/funcionarios"},"res":{"statusCode":304},"responseTime":7,"msg":"request completed"}
{"level":30,"time":"2026-03-25T11:25:44.733Z","req":{"method":"GET","url":"/api/eventos"},"res":{"statusCode":304},"responseTime":221,"msg":"request completed"}
{"level":30,"time":"2026-03-25T11:25:44.942Z","req":{"method":"GET","url":"/api/eventos"},"res":{"statusCode":304},"responseTime":208,"msg":"request completed"}
{"level":30,"time":"2026-03-25T11:25:45.120Z","req":{"method":"GET","url":"/api/eventos"},"res":{"statusCode":304},"responseTime":177,"msg":"request completed"}
{"level":30,"time":"2026-03-25T11:31:55.874Z","req":{"method":"GET","url":"/api/brinquedos"},"res":{"statusCode":304},"responseTime":87,"msg":"request completed"}
{"level":30,"time":"2026-03-25T11:31:57.750Z","req":{"method":"GET","url":"/api/funcionarios"},"res":{"statusCode":304},"responseTime":6,"msg":"request completed"}
{"level":30,"time":"2026-03-25T11:31:58.677Z","req":{"method":"GET","url":"/api/clientes"},"res":{"statusCode":304},"responseTime":8,"msg":"request completed"}
{"level":30,"time":"2026-03-25T11:31:59.427Z","req":{"method":"GET","url":"/api/eventos"},"res":{"statusCode":304},"responseTime":232,"msg":"request completed"}
{"level":30,"time":"2026-03-25T11:45:37.346Z","req":{"method":"GET","url":"/api/brinquedos"},"res":{"statusCode":304},"responseTime":151,"msg":"request completed"}
{"level":30,"time":"2026-03-25T11:45:37.352Z","req":{"method":"GET","url":"/api/funcionarios"},"res":{"statusCode":304},"responseTime":163,"msg":"request completed"}
{"level":30,"time":"2026-03-25T11:45:37.356Z","req":{"method":"GET","url":"/api/clientes"},"res":{"statusCode":304},"responseTime":178,"msg":"request completed"}
{"level":30,"time":"2026-03-25T11:45:37.607Z","req":{"method":"GET","url":"/api/eventos"},"res":{"statusCode":304},"responseTime":492,"msg":"request completed"}
{"level":30,"time":"2026-03-25T11:45:38.212Z","req":{"method":"GET","url":"/api/eventos"},"res":{"statusCode":304},"responseTime":394,"msg":"request completed"}
{"level":30,"time":"2026-03-25T11:45:38.395Z","req":{"method":"GET","url":"/api/eventos"},"res":{"statusCode":304},"responseTime":182,"msg":"request completed"}
{"level":30,"time":"2026-03-25T11:49:25.307Z","req":{"method":"GET","url":"/api/brinquedos"},"res":{"statusCode":304},"responseTime":290,"msg":"request completed"}
{"level":30,"time":"2026-03-25T11:49:25.309Z","req":{"method":"GET","url":"/api/funcionarios"},"res":{"statusCode":304},"responseTime":294,"msg":"request completed"}
{"level":30,"time":"2026-03-25T11:49:25.311Z","req":{"method":"GET","url":"/api/clientes"},"res":{"statusCode":304},"responseTime":299,"msg":"request completed"}
{"level":30,"time":"2026-03-25T11:49:25.477Z","req":{"method":"GET","url":"/api/eventos"},"res":{"statusCode":304},"responseTime":478,"msg":"request completed"}
{"level":30,"time":"2026-03-25T11:49:25.696Z","req":{"method":"GET","url":"/api/eventos"},"res":{"statusCode":304},"responseTime":218,"msg":"request completed"}
{"level":30,"time":"2026-03-25T11:49:25.936Z","req":{"method":"GET","url":"/api/eventos"},"res":{"statusCode":304},"responseTime":229,"msg":"request completed"}
{"level":30,"time":"2026-03-25T11:53:19.748Z","req":{"method":"GET","url":"/api/clientes"},"res":{"statusCode":304},"responseTime":6,"msg":"request completed"}
{"level":30,"time":"2026-03-25T11:53:19.749Z","req":{"method":"GET","url":"/api/funcionarios"},"res":{"statusCode":304},"responseTime":5,"msg":"request completed"}
{"level":30,"time":"2026-03-25T11:53:19.751Z","req":{"method":"GET","url":"/api/brinquedos"},"res":{"statusCode":304},"responseTime":7,"msg":"request completed"}
{"level":30,"time":"2026-03-25T11:53:20.027Z","req":{"method":"GET","url":"/api/eventos"},"res":{"statusCode":304},"responseTime":286,"msg":"request completed"}
{"level":30,"time":"2026-03-25T11:53:20.227Z","req":{"method":"GET","url":"/api/eventos"},"res":{"statusCode":304},"responseTime":198,"msg":"request completed"}
{"level":30,"time":"2026-03-25T11:53:20.495Z","req":{"method":"GET","url":"/api/eventos"},"res":{"statusCode":304},"responseTime":246,"msg":"request completed"}
{"level":30,"time":"2026-03-25T15:23:50.225Z","req":{"method":"GET","url":"/api/funcionarios"},"res":{"statusCode":304},"responseTime":303,"msg":"request completed"}
{"level":30,"time":"2026-03-25T15:23:50.243Z","req":{"method":"GET","url":"/api/brinquedos"},"res":{"statusCode":304},"responseTime":285,"msg":"request completed"}
{"level":30,"time":"2026-03-25T15:23:50.249Z","req":{"method":"GET","url":"/api/clientes"},"res":{"statusCode":304},"responseTime":319,"msg":"request completed"}
{"level":30,"time":"2026-03-25T15:23:51.168Z","req":{"method":"GET","url":"/api/eventos"},"res":{"statusCode":304},"responseTime":1356,"msg":"request completed"}
{"level":30,"time":"2026-03-25T15:23:52.381Z","req":{"method":"GET","url":"/api/eventos"},"res":{"statusCode":304},"responseTime":1129,"msg":"request completed"}
{"level":30,"time":"2026-03-25T15:23:52.934Z","req":{"method":"GET","url":"/api/eventos"},"res":{"statusCode":304},"responseTime":519,"msg":"request completed"}
{"level":30,"time":"2026-03-25T16:57:28.185Z","req":{"method":"GET","url":"/api/clientes"},"res":{"statusCode":304},"responseTime":445,"msg":"request completed"}
{"level":30,"time":"2026-03-25T16:57:28.195Z","req":{"method":"GET","url":"/api/funcionarios"},"res":{"statusCode":304},"responseTime":383,"msg":"request completed"}
{"level":30,"time":"2026-03-25T16:57:28.224Z","req":{"method":"GET","url":"/api/brinquedos"},"res":{"statusCode":304},"responseTime":424,"msg":"request completed"}
{"level":30,"time":"2026-03-25T16:57:28.723Z","req":{"method":"GET","url":"/api/eventos"},"res":{"statusCode":304},"responseTime":1168,"msg":"request completed"}
{"level":30,"time":"2026-03-25T16:57:28.996Z","req":{"method":"GET","url":"/api/eventos"},"res":{"statusCode":304},"responseTime":271,"msg":"request completed"}
{"level":30,"time":"2026-03-25T16:57:29.622Z","req":{"method":"GET","url":"/api/eventos"},"res":{"statusCode":304},"responseTime":297,"msg":"request completed"}
{"level":30,"time":"2026-03-25T16:57:34.528Z","req":{"method":"GET","url":"/api/funcionarios"},"res":{"statusCode":304},"responseTime":15,"msg":"request completed"}
{"level":30,"time":"2026-03-25T16:57:34.626Z","req":{"method":"GET","url":"/api/clientes"},"res":{"statusCode":304},"responseTime":128,"msg":"request completed"}
{"level":30,"time":"2026-03-25T16:57:34.629Z","req":{"method":"GET","url":"/api/brinquedos"},"res":{"statusCode":304},"responseTime":106,"msg":"request completed"}
{"level":30,"time":"2026-03-25T16:57:34.827Z","req":{"method":"GET","url":"/api/eventos"},"res":{"statusCode":304},"responseTime":331,"msg":"request completed"}
{"level":30,"time":"2026-03-25T16:57:35.193Z","req":{"method":"GET","url":"/api/eventos"},"res":{"statusCode":304},"responseTime":330,"msg":"request completed"}
{"level":30,"time":"2026-03-25T16:57:35.413Z","req":{"method":"GET","url":"/api/eventos"},"res":{"statusCode":304},"responseTime":218,"msg":"request completed"}
{"level":30,"time":"2026-03-25T17:06:29.543Z","req":{"method":"GET","url":"/api/funcionarios"},"res":{"statusCode":304},"responseTime":162,"msg":"request completed"}
{"level":30,"time":"2026-03-25T17:06:29.548Z","req":{"method":"GET","url":"/api/brinquedos"},"res":{"statusCode":304},"responseTime":159,"msg":"request completed"}
{"level":30,"time":"2026-03-25T17:06:29.552Z","req":{"method":"GET","url":"/api/clientes"},"res":{"statusCode":304},"responseTime":241,"msg":"request completed"}
{"level":30,"time":"2026-03-25T17:06:29.821Z","req":{"method":"GET","url":"/api/eventos"},"res":{"statusCode":304},"responseTime":429,"msg":"request completed"}
{"level":30,"time":"2026-03-25T18:12:47.254Z","req":{"method":"GET","url":"/api/clientes"},"res":{"statusCode":304},"responseTime":203,"msg":"request completed"}
{"level":30,"time":"2026-03-25T18:12:47.656Z","req":{"method":"GET","url":"/api/eventos"},"res":{"statusCode":304},"responseTime":680,"msg":"request completed"}
{"level":30,"time":"2026-03-25T18:12:48.416Z","req":{"method":"GET","url":"/api/funcionarios"},"res":{"statusCode":304},"responseTime":18,"msg":"request completed"}
{"level":30,"time":"2026-03-25T18:12:48.425Z","req":{"method":"GET","url":"/api/brinquedos"},"res":{"statusCode":304},"responseTime":35,"msg":"request completed"}
{"level":30,"time":"2026-03-25T18:13:38.308Z","req":{"method":"POST","url":"/api/eventos"},"action":"create_event","empresaId":"05e59f14-846a-4d6e-ad19-10a0cca38ff7","usuarioId":"d7b4360e-4ef1-48e0-a0da-cfd5887de94a","eventoId":"ddf18805-b8f1-4671-ac69-f04e09468478","titulo":"Kit Exemplo","msg":"Evento criado com sucesso"}
{"level":30,"time":"2026-03-25T18:13:38.316Z","req":{"method":"POST","url":"/api/eventos"},"res":{"statusCode":201},"responseTime":179,"msg":"request completed"}
{"level":30,"time":"2026-03-25T18:13:38.538Z","req":{"method":"GET","url":"/api/eventos"},"res":{"statusCode":200},"responseTime":218,"msg":"request completed"}
{"level":30,"time":"2026-03-25T18:13:38.749Z","req":{"method":"GET","url":"/api/eventos"},"res":{"statusCode":304},"responseTime":208,"msg":"request completed"}
{"level":30,"time":"2026-03-25T18:14:37.069Z","req":{"method":"GET","url":"/api/eventos/89e16f9c-de65-441f-b702-1527f6ac2e0d"},"res":{"statusCode":200},"responseTime":11,"msg":"request completed"}
{"level":30,"time":"2026-03-25T18:14:43.845Z","req":{"method":"GET","url":"/api/clientes"},"res":{"statusCode":304},"responseTime":21,"msg":"request completed"}
{"level":30,"time":"2026-03-25T18:14:43.851Z","req":{"method":"GET","url":"/api/brinquedos"},"res":{"statusCode":304},"responseTime":22,"msg":"request completed"}
{"level":30,"time":"2026-03-25T18:14:44.051Z","req":{"method":"GET","url":"/api/funcionarios"},"res":{"statusCode":304},"responseTime":224,"msg":"request completed"}
{"level":30,"time":"2026-03-25T18:14:44.231Z","req":{"method":"GET","url":"/api/eventos"},"res":{"statusCode":304},"responseTime":408,"msg":"request completed"}
{"level":30,"time":"2026-03-25T18:14:44.548Z","req":{"method":"GET","url":"/api/eventos"},"res":{"statusCode":304},"responseTime":315,"msg":"request completed"}
{"level":30,"time":"2026-03-25T18:14:44.771Z","req":{"method":"GET","url":"/api/eventos"},"res":{"statusCode":304},"responseTime":222,"msg":"request completed"}
{"level":30,"time":"2026-03-25T18:25:14.993Z","req":{"method":"GET","url":"/api/eventos"},"res":{"statusCode":304},"responseTime":899,"msg":"request completed"}
{"level":30,"time":"2026-03-25T18:25:34.928Z","req":{"method":"GET","url":"/api/brinquedos"},"res":{"statusCode":304},"responseTime":23,"msg":"request completed"}
{"level":30,"time":"2026-03-25T18:39:01.121Z","req":{"method":"GET","url":"/api/eventos"},"res":{"statusCode":304},"responseTime":865,"msg":"request completed"}
{"level":30,"time":"2026-03-25T18:39:17.252Z","req":{"method":"GET","url":"/api/eventos"},"res":{"statusCode":304},"responseTime":504,"msg":"request completed"}
{"level":30,"time":"2026-03-25T18:39:17.255Z","req":{"method":"GET","url":"/api/funcionarios"},"res":{"statusCode":304},"responseTime":459,"msg":"request completed"}
{"level":30,"time":"2026-03-25T18:39:17.257Z","req":{"method":"GET","url":"/api/brinquedos"},"res":{"statusCode":304},"responseTime":451,"msg":"request completed"}
{"level":30,"time":"2026-03-25T18:39:17.261Z","req":{"method":"GET","url":"/api/clientes"},"res":{"statusCode":304},"responseTime":507,"msg":"request completed"}
{"level":30,"time":"2026-03-25T18:39:17.706Z","req":{"method":"GET","url":"/api/eventos"},"res":{"statusCode":304},"responseTime":365,"msg":"request completed"}
{"level":30,"time":"2026-03-25T18:39:18.532Z","req":{"method":"GET","url":"/api/eventos"},"res":{"statusCode":304},"responseTime":631,"msg":"request completed"}
{"level":30,"time":"2026-03-25T18:44:54.181Z","req":{"method":"GET","url":"/api/brinquedos"},"res":{"statusCode":304},"responseTime":200,"msg":"request completed"}
{"level":30,"time":"2026-03-25T18:44:54.603Z","req":{"method":"GET","url":"/api/eventos"},"res":{"statusCode":304},"responseTime":642,"msg":"request completed"}
{"level":30,"time":"2026-03-25T18:45:03.787Z","req":{"method":"GET","url":"/api/funcionarios"},"res":{"statusCode":304},"responseTime":16,"msg":"request completed"}
{"level":30,"time":"2026-03-25T18:45:04.005Z","req":{"method":"GET","url":"/api/brinquedos"},"res":{"statusCode":304},"responseTime":232,"msg":"request completed"}
{"level":30,"time":"2026-03-25T18:45:04.054Z","req":{"method":"GET","url":"/api/clientes"},"res":{"statusCode":304},"responseTime":291,"msg":"request completed"}
{"level":30,"time":"2026-03-25T18:45:04.191Z","req":{"method":"GET","url":"/api/eventos"},"res":{"statusCode":304},"responseTime":437,"msg":"request completed"}
{"level":30,"time":"2026-03-25T18:45:04.775Z","req":{"method":"GET","url":"/api/eventos"},"res":{"statusCode":304},"responseTime":569,"msg":"request completed"}
{"level":30,"time":"2026-03-25T18:45:05.072Z","req":{"method":"GET","url":"/api/eventos"},"res":{"statusCode":304},"responseTime":290,"msg":"request completed"}
{"level":30,"time":"2026-03-25T18:45:13.368Z","req":{"method":"GET","url":"/api/clientes"},"res":{"statusCode":304},"responseTime":10,"msg":"request completed"}
{"level":30,"time":"2026-03-25T18:45:13.371Z","req":{"method":"GET","url":"/api/brinquedos"},"res":{"statusCode":304},"responseTime":5,"msg":"request completed"}
{"level":30,"time":"2026-03-25T18:45:13.372Z","req":{"method":"GET","url":"/api/funcionarios"},"res":{"statusCode":304},"responseTime":7,"msg":"request completed"}
{"level":30,"time":"2026-03-25T18:45:13.695Z","req":{"method":"GET","url":"/api/eventos"},"res":{"statusCode":304},"responseTime":345,"msg":"request completed"}
{"level":30,"time":"2026-03-25T18:45:13.942Z","req":{"method":"GET","url":"/api/eventos"},"res":{"statusCode":304},"responseTime":245,"msg":"request completed"}
{"level":30,"time":"2026-03-25T18:45:14.245Z","req":{"method":"GET","url":"/api/eventos"},"res":{"statusCode":304},"responseTime":299,"msg":"request completed"}
{"level":30,"time":"2026-03-25T18:47:26.798Z","req":{"method":"GET","url":"/api/clientes"},"res":{"statusCode":304},"responseTime":15,"msg":"request completed"}
{"level":30,"time":"2026-03-25T18:47:26.805Z","req":{"method":"GET","url":"/api/funcionarios"},"res":{"statusCode":304},"responseTime":20,"msg":"request completed"}
{"level":30,"time":"2026-03-25T18:47:26.814Z","req":{"method":"GET","url":"/api/brinquedos"},"res":{"statusCode":304},"responseTime":22,"msg":"request completed"}
{"level":30,"time":"2026-03-25T18:47:27.099Z","req":{"method":"GET","url":"/api/eventos"},"res":{"statusCode":304},"responseTime":317,"msg":"request completed"}
{"level":30,"time":"2026-03-25T18:47:27.334Z","req":{"method":"GET","url":"/api/eventos"},"res":{"statusCode":304},"responseTime":233,"msg":"request completed"}
{"level":30,"time":"2026-03-25T18:47:27.583Z","req":{"method":"GET","url":"/api/eventos"},"res":{"statusCode":304},"responseTime":246,"msg":"request completed"}
{"level":30,"time":"2026-03-25T19:03:22.351Z","req":{"method":"GET","url":"/api/brinquedos"},"res":{"statusCode":304},"responseTime":262,"msg":"request completed"}
{"level":30,"time":"2026-03-25T19:03:24.383Z","req":{"method":"GET","url":"/api/eventos"},"res":{"statusCode":304},"responseTime":822,"msg":"request completed"}
{"level":30,"time":"2026-03-25T19:07:53.868Z","req":{"method":"GET","url":"/api/funcionarios"},"res":{"statusCode":304},"responseTime":186,"msg":"request completed"}
{"level":30,"time":"2026-03-25T19:07:53.872Z","req":{"method":"GET","url":"/api/brinquedos"},"res":{"statusCode":304},"responseTime":187,"msg":"request completed"}
{"level":30,"time":"2026-03-25T19:07:53.895Z","req":{"method":"GET","url":"/api/clientes"},"res":{"statusCode":304},"responseTime":207,"msg":"request completed"}
{"level":30,"time":"2026-03-25T19:07:54.094Z","req":{"method":"GET","url":"/api/eventos"},"res":{"statusCode":304},"responseTime":421,"msg":"request completed"}
{"level":30,"time":"2026-03-25T19:07:54.350Z","req":{"method":"GET","url":"/api/eventos"},"res":{"statusCode":304},"responseTime":253,"msg":"request completed"}
{"level":30,"time":"2026-03-25T19:07:54.559Z","req":{"method":"GET","url":"/api/eventos"},"res":{"statusCode":304},"responseTime":208,"msg":"request completed"}
{"level":30,"time":"2026-03-25T19:14:40.525Z","req":{"method":"GET","url":"/api/brinquedos"},"res":{"statusCode":304},"responseTime":190,"msg":"request completed"}
{"level":30,"time":"2026-03-25T19:14:40.529Z","req":{"method":"GET","url":"/api/funcionarios"},"res":{"statusCode":304},"responseTime":197,"msg":"request completed"}
{"level":30,"time":"2026-03-25T19:14:40.531Z","req":{"method":"GET","url":"/api/clientes"},"res":{"statusCode":304},"responseTime":201,"msg":"request completed"}
{"level":30,"time":"2026-03-25T19:14:40.871Z","req":{"method":"GET","url":"/api/eventos"},"res":{"statusCode":304},"responseTime":553,"msg":"request completed"}
{"level":30,"time":"2026-03-25T19:14:41.088Z","req":{"method":"GET","url":"/api/eventos"},"res":{"statusCode":304},"responseTime":216,"msg":"request completed"}
{"level":30,"time":"2026-03-25T19:14:41.624Z","req":{"method":"GET","url":"/api/eventos"},"res":{"statusCode":304},"responseTime":518,"msg":"request completed"}
{"level":30,"time":"2026-03-25T19:14:54.904Z","req":{"method":"GET","url":"/api/clientes"},"res":{"statusCode":304},"responseTime":5,"msg":"request completed"}
{"level":30,"time":"2026-03-25T19:14:54.904Z","req":{"method":"GET","url":"/api/funcionarios"},"res":{"statusCode":304},"responseTime":4,"msg":"request completed"}
{"level":30,"time":"2026-03-25T19:14:54.905Z","req":{"method":"GET","url":"/api/brinquedos"},"res":{"statusCode":304},"responseTime":4,"msg":"request completed"}
{"level":30,"time":"2026-03-25T19:14:55.126Z","req":{"method":"GET","url":"/api/eventos"},"res":{"statusCode":304},"responseTime":228,"msg":"request completed"}
{"level":30,"time":"2026-03-25T19:14:55.389Z","req":{"method":"GET","url":"/api/eventos"},"res":{"statusCode":304},"responseTime":262,"msg":"request completed"}
{"level":30,"time":"2026-03-25T19:14:55.609Z","req":{"method":"GET","url":"/api/eventos"},"res":{"statusCode":304},"responseTime":218,"msg":"request completed"}
{"level":30,"time":"2026-03-25T19:17:49.778Z","req":{"method":"GET","url":"/api/eventos"},"res":{"statusCode":401},"responseTime":14,"msg":"request completed"}
{"level":30,"time":"2026-03-25T19:17:49.779Z","req":{"method":"GET","url":"/api/clientes"},"res":{"statusCode":401},"responseTime":1,"msg":"request completed"}
{"level":30,"time":"2026-03-25T19:17:49.780Z","req":{"method":"GET","url":"/api/funcionarios"},"res":{"statusCode":401},"responseTime":1,"msg":"request completed"}
{"level":30,"time":"2026-03-25T19:17:49.781Z","req":{"method":"GET","url":"/api/brinquedos"},"res":{"statusCode":401},"responseTime":1,"msg":"request completed"}
{"level":30,"time":"2026-03-25T19:17:49.872Z","req":{"method":"GET","url":"/api/eventos"},"res":{"statusCode":401},"responseTime":1,"msg":"request completed"}
{"level":30,"time":"2026-03-25T19:17:49.874Z","req":{"method":"GET","url":"/api/eventos"},"res":{"statusCode":401},"responseTime":1,"msg":"request completed"}
{"level":40,"time":"2026-03-25T19:17:54.455Z","req":{"method":"POST","url":"/api/auth/login"},"action":"login_failed","email":"admin@local.com","empresaId":"05e59f14-846a-4d6e-ad19-10a0cca38ff7","msg":"Tentativa de login com senha incorreta"}
{"level":30,"time":"2026-03-25T19:17:54.455Z","req":{"method":"POST","url":"/api/auth/login"},"res":{"statusCode":401},"responseTime":125,"msg":"request completed"}
{"level":30,"time":"2026-03-25T19:17:58.277Z","req":{"method":"POST","url":"/api/auth/login"},"action":"login_success","empresaId":"05e59f14-846a-4d6e-ad19-10a0cca38ff7","userId":"d7b4360e-4ef1-48e0-a0da-cfd5887de94a","email":"admin@local.com","msg":"Login realizado com sucesso"}
{"level":30,"time":"2026-03-25T19:17:58.278Z","req":{"method":"POST","url":"/api/auth/login"},"res":{"statusCode":200},"responseTime":129,"msg":"request completed"}
{"level":30,"time":"2026-03-25T19:17:58.351Z","req":{"method":"GET","url":"/api/funcionarios"},"res":{"statusCode":304},"responseTime":8,"msg":"request completed"}
{"level":30,"time":"2026-03-25T19:17:58.353Z","req":{"method":"GET","url":"/api/brinquedos"},"res":{"statusCode":304},"responseTime":9,"msg":"request completed"}
{"level":30,"time":"2026-03-25T19:17:58.356Z","req":{"method":"GET","url":"/api/clientes"},"res":{"statusCode":304},"responseTime":15,"msg":"request completed"}
{"level":30,"time":"2026-03-25T19:17:58.640Z","req":{"method":"GET","url":"/api/eventos"},"res":{"statusCode":304},"responseTime":302,"msg":"request completed"}
{"level":30,"time":"2026-03-25T19:17:58.966Z","req":{"method":"GET","url":"/api/eventos"},"res":{"statusCode":304},"responseTime":324,"msg":"request completed"}
{"level":30,"time":"2026-03-25T19:17:59.196Z","req":{"method":"GET","url":"/api/eventos"},"res":{"statusCode":304},"responseTime":228,"msg":"request completed"}
{"level":30,"time":"2026-03-25T19:19:00.316Z","req":{"method":"GET","url":"/api/clientes"},"res":{"statusCode":304},"responseTime":4,"msg":"request completed"}
{"level":30,"time":"2026-03-25T19:19:00.319Z","req":{"method":"GET","url":"/api/funcionarios"},"res":{"statusCode":304},"responseTime":6,"msg":"request completed"}
{"level":30,"time":"2026-03-25T19:19:00.320Z","req":{"method":"GET","url":"/api/brinquedos"},"res":{"statusCode":304},"responseTime":6,"msg":"request completed"}
{"level":30,"time":"2026-03-25T19:19:00.553Z","req":{"method":"GET","url":"/api/eventos"},"res":{"statusCode":304},"responseTime":242,"msg":"request completed"}
{"level":30,"time":"2026-03-25T19:19:00.768Z","req":{"method":"GET","url":"/api/eventos"},"res":{"statusCode":304},"responseTime":214,"msg":"request completed"}
{"level":30,"time":"2026-03-25T19:19:00.992Z","req":{"method":"GET","url":"/api/eventos"},"res":{"statusCode":304},"responseTime":222,"msg":"request completed"}
{"level":30,"time":"2026-03-25T19:19:06.279Z","req":{"method":"GET","url":"/api/funcionarios"},"res":{"statusCode":304},"responseTime":5,"msg":"request completed"}
{"level":30,"time":"2026-03-25T19:19:06.281Z","req":{"method":"GET","url":"/api/brinquedos"},"res":{"statusCode":304},"responseTime":7,"msg":"request completed"}
{"level":30,"time":"2026-03-25T19:19:06.286Z","req":{"method":"GET","url":"/api/clientes"},"res":{"statusCode":304},"responseTime":13,"msg":"request completed"}
{"level":30,"time":"2026-03-25T19:19:06.498Z","req":{"method":"GET","url":"/api/eventos"},"res":{"statusCode":304},"responseTime":226,"msg":"request completed"}
{"level":30,"time":"2026-03-25T19:19:06.737Z","req":{"method":"GET","url":"/api/eventos"},"res":{"statusCode":304},"responseTime":234,"msg":"request completed"}
{"level":30,"time":"2026-03-25T19:19:06.953Z","req":{"method":"GET","url":"/api/eventos"},"res":{"statusCode":304},"responseTime":214,"msg":"request completed"}
{"level":30,"time":"2026-03-25T19:19:10.224Z","req":{"method":"GET","url":"/api/funcionarios"},"res":{"statusCode":304},"responseTime":2,"msg":"request completed"}
{"level":30,"time":"2026-03-25T19:19:10.225Z","req":{"method":"GET","url":"/api/clientes"},"res":{"statusCode":304},"responseTime":4,"msg":"request completed"}
{"level":30,"time":"2026-03-25T19:19:10.232Z","req":{"method":"GET","url":"/api/brinquedos"},"res":{"statusCode":304},"responseTime":9,"msg":"request completed"}
{"level":30,"time":"2026-03-25T19:19:10.448Z","req":{"method":"GET","url":"/api/eventos"},"res":{"statusCode":304},"responseTime":228,"msg":"request completed"}
{"level":30,"time":"2026-03-25T19:19:10.649Z","req":{"method":"GET","url":"/api/eventos"},"res":{"statusCode":304},"responseTime":199,"msg":"request completed"}
{"level":30,"time":"2026-03-25T19:19:10.838Z","req":{"method":"GET","url":"/api/eventos"},"res":{"statusCode":304},"responseTime":188,"msg":"request completed"}
{"level":30,"time":"2026-03-25T19:22:59.923Z","req":{"method":"GET","url":"/api/funcionarios"},"res":{"statusCode":304},"responseTime":157,"msg":"request completed"}
{"level":30,"time":"2026-03-25T19:22:59.927Z","req":{"method":"GET","url":"/api/brinquedos"},"res":{"statusCode":304},"responseTime":158,"msg":"request completed"}
{"level":30,"time":"2026-03-25T19:22:59.931Z","req":{"method":"GET","url":"/api/clientes"},"res":{"statusCode":304},"responseTime":168,"msg":"request completed"}
{"level":30,"time":"2026-03-25T19:23:00.129Z","req":{"method":"GET","url":"/api/eventos"},"res":{"statusCode":304},"responseTime":391,"msg":"request completed"}
{"level":30,"time":"2026-03-25T19:23:00.344Z","req":{"method":"GET","url":"/api/eventos"},"res":{"statusCode":304},"responseTime":210,"msg":"request completed"}
{"level":30,"time":"2026-03-25T19:23:00.596Z","req":{"method":"GET","url":"/api/eventos"},"res":{"statusCode":304},"responseTime":232,"msg":"request completed"}
{"level":30,"time":"2026-03-25T19:23:09.264Z","req":{"method":"GET","url":"/api/clientes"},"res":{"statusCode":304},"responseTime":13,"msg":"request completed"}
{"level":30,"time":"2026-03-25T19:23:09.268Z","req":{"method":"GET","url":"/api/funcionarios"},"res":{"statusCode":304},"responseTime":15,"msg":"request completed"}
{"level":30,"time":"2026-03-25T19:23:09.269Z","req":{"method":"GET","url":"/api/brinquedos"},"res":{"statusCode":304},"responseTime":15,"msg":"request completed"}
{"level":30,"time":"2026-03-25T19:23:09.499Z","req":{"method":"GET","url":"/api/eventos"},"res":{"statusCode":304},"responseTime":252,"msg":"request completed"}
{"level":30,"time":"2026-03-25T19:23:09.729Z","req":{"method":"GET","url":"/api/eventos"},"res":{"statusCode":304},"responseTime":229,"msg":"request completed"}
{"level":30,"time":"2026-03-25T19:23:09.954Z","req":{"method":"GET","url":"/api/eventos"},"res":{"statusCode":304},"responseTime":223,"msg":"request completed"}
{"level":30,"time":"2026-03-25T19:42:11.692Z","req":{"method":"GET","url":"/api/eventos"},"res":{"statusCode":304},"responseTime":690,"msg":"request completed"}
{"level":30,"time":"2026-03-25T19:42:12.987Z","req":{"method":"GET","url":"/api/clientes"},"res":{"statusCode":304},"responseTime":22,"msg":"request completed"}
{"level":30,"time":"2026-03-25T19:42:19.986Z","req":{"method":"GET","url":"/api/brinquedos"},"res":{"statusCode":304},"responseTime":6,"msg":"request completed"}
{"level":30,"time":"2026-03-25T19:42:21.556Z","req":{"method":"GET","url":"/api/admin/empresas"},"res":{"statusCode":200},"responseTime":120,"msg":"request completed"}
{"level":30,"time":"2026-03-25T19:42:24.268Z","req":{"method":"GET","url":"/api/admin/convites"},"res":{"statusCode":304},"responseTime":4,"msg":"request completed"}
{"level":30,"time":"2026-03-25T19:42:25.460Z","req":{"method":"GET","url":"/api/system-logs?page=1&limit=20"},"res":{"statusCode":200},"responseTime":96,"msg":"request completed"}
{"level":30,"time":"2026-03-25T19:42:31.342Z","req":{"method":"GET","url":"/api/funcionarios"},"res":{"statusCode":304},"responseTime":7,"msg":"request completed"}
{"level":30,"time":"2026-03-25T19:48:37.564Z","req":{"method":"GET","url":"/api/funcionarios"},"res":{"statusCode":304},"responseTime":142,"msg":"request completed"}
{"level":30,"time":"2026-03-25T19:48:37.570Z","req":{"method":"GET","url":"/api/brinquedos"},"res":{"statusCode":304},"responseTime":156,"msg":"request completed"}
{"level":30,"time":"2026-03-25T19:48:37.572Z","req":{"method":"GET","url":"/api/clientes"},"res":{"statusCode":304},"responseTime":169,"msg":"request completed"}
{"level":30,"time":"2026-03-25T19:48:37.572Z","req":{"method":"GET","url":"/api/admin/empresas"},"res":{"statusCode":304},"responseTime":142,"msg":"request completed"}
{"level":30,"time":"2026-03-25T19:48:38.682Z","req":{"method":"GET","url":"/api/eventos"},"res":{"statusCode":304},"responseTime":1531,"msg":"request completed"}
{"level":30,"time":"2026-03-25T19:48:38.926Z","req":{"method":"GET","url":"/api/eventos"},"res":{"statusCode":304},"responseTime":242,"msg":"request completed"}
{"level":30,"time":"2026-03-25T19:48:39.131Z","req":{"method":"GET","url":"/api/eventos"},"res":{"statusCode":304},"responseTime":204,"msg":"request completed"}
{"level":30,"time":"2026-03-25T19:48:51.137Z","req":{"method":"GET","url":"/api/brinquedos"},"res":{"statusCode":304},"responseTime":7,"msg":"request completed"}
{"level":30,"time":"2026-03-25T19:48:51.138Z","req":{"method":"GET","url":"/api/funcionarios"},"res":{"statusCode":304},"responseTime":10,"msg":"request completed"}
{"level":30,"time":"2026-03-25T19:48:51.139Z","req":{"method":"GET","url":"/api/clientes"},"res":{"statusCode":304},"responseTime":12,"msg":"request completed"}
{"level":30,"time":"2026-03-25T19:48:51.145Z","req":{"method":"GET","url":"/api/admin/empresas"},"res":{"statusCode":304},"responseTime":5,"msg":"request completed"}
{"level":30,"time":"2026-03-25T19:48:51.425Z","req":{"method":"GET","url":"/api/eventos"},"res":{"statusCode":304},"responseTime":300,"msg":"request completed"}
{"level":30,"time":"2026-03-25T19:48:51.643Z","req":{"method":"GET","url":"/api/eventos"},"res":{"statusCode":304},"responseTime":217,"msg":"request completed"}
{"level":30,"time":"2026-03-25T19:48:51.846Z","req":{"method":"GET","url":"/api/eventos"},"res":{"statusCode":304},"responseTime":202,"msg":"request completed"}
{"level":30,"time":"2026-03-25T19:54:07.106Z","req":{"method":"GET","url":"/api/brinquedos"},"res":{"statusCode":304},"responseTime":155,"msg":"request completed"}
{"level":30,"time":"2026-03-25T19:54:07.373Z","req":{"method":"GET","url":"/api/eventos"},"res":{"statusCode":304},"responseTime":403,"msg":"request completed"}
{"level":30,"time":"2026-03-25T19:54:50.893Z","req":{"method":"GET","url":"/api/clientes"},"res":{"statusCode":304},"responseTime":7,"msg":"request completed"}
{"level":30,"time":"2026-03-25T19:55:20.008Z","req":{"method":"GET","url":"/api/funcionarios"},"res":{"statusCode":304},"responseTime":5,"msg":"request completed"}
{"level":30,"time":"2026-03-25T20:03:09.532Z","req":{"method":"GET","url":"/api/funcionarios"},"res":{"statusCode":304},"responseTime":248,"msg":"request completed"}
{"level":30,"time":"2026-03-25T20:03:09.543Z","req":{"method":"GET","url":"/api/clientes"},"res":{"statusCode":304},"responseTime":163,"msg":"request completed"}
{"level":30,"time":"2026-03-25T20:03:09.551Z","req":{"method":"GET","url":"/api/brinquedos"},"res":{"statusCode":304},"responseTime":334,"msg":"request completed"}
{"level":30,"time":"2026-03-25T20:03:09.901Z","req":{"method":"GET","url":"/api/eventos"},"res":{"statusCode":304},"responseTime":488,"msg":"request completed"}
{"level":30,"time":"2026-03-25T20:03:10.264Z","req":{"method":"GET","url":"/api/eventos"},"res":{"statusCode":304},"responseTime":362,"msg":"request completed"}
{"level":30,"time":"2026-03-25T20:03:10.767Z","req":{"method":"GET","url":"/api/eventos"},"res":{"statusCode":304},"responseTime":436,"msg":"request completed"}
{"level":30,"time":"2026-03-25T20:07:33.054Z","req":{"method":"GET","url":"/api/funcionarios"},"res":{"statusCode":304},"responseTime":41,"msg":"request completed"}
{"level":30,"time":"2026-03-25T20:07:33.061Z","req":{"method":"GET","url":"/api/clientes"},"res":{"statusCode":304},"responseTime":51,"msg":"request completed"}
{"level":30,"time":"2026-03-25T20:07:33.068Z","req":{"method":"GET","url":"/api/brinquedos"},"res":{"statusCode":304},"responseTime":51,"msg":"request completed"}
{"level":30,"time":"2026-03-25T20:07:33.390Z","req":{"method":"GET","url":"/api/eventos"},"res":{"statusCode":304},"responseTime":388,"msg":"request completed"}
{"level":30,"time":"2026-03-25T20:07:33.641Z","req":{"method":"GET","url":"/api/eventos"},"res":{"statusCode":304},"responseTime":249,"msg":"request completed"}
{"level":30,"time":"2026-03-25T20:07:33.878Z","req":{"method":"GET","url":"/api/eventos"},"res":{"statusCode":304},"responseTime":235,"msg":"request completed"}
{"level":30,"time":"2026-03-25T20:07:39.372Z","req":{"method":"GET","url":"/api/funcionarios"},"res":{"statusCode":304},"responseTime":8,"msg":"request completed"}
{"level":30,"time":"2026-03-25T20:07:39.374Z","req":{"method":"GET","url":"/api/brinquedos"},"res":{"statusCode":304},"responseTime":9,"msg":"request completed"}
{"level":30,"time":"2026-03-25T20:07:39.377Z","req":{"method":"GET","url":"/api/clientes"},"res":{"statusCode":304},"responseTime":14,"msg":"request completed"}
{"level":30,"time":"2026-03-25T20:07:39.562Z","req":{"method":"GET","url":"/api/eventos"},"res":{"statusCode":304},"responseTime":200,"msg":"request completed"}
{"level":30,"time":"2026-03-25T20:07:39.788Z","req":{"method":"GET","url":"/api/eventos"},"res":{"statusCode":304},"responseTime":222,"msg":"request completed"}
{"level":30,"time":"2026-03-25T20:07:40.009Z","req":{"method":"GET","url":"/api/eventos"},"res":{"statusCode":304},"responseTime":220,"msg":"request completed"}
{"level":30,"time":"2026-03-25T20:08:16.411Z","req":{"method":"GET","url":"/api/eventos"},"res":{"statusCode":304},"responseTime":295,"msg":"request completed"}
{"level":30,"time":"2026-03-25T20:08:26.256Z","req":{"method":"GET","url":"/api/eventos"},"res":{"statusCode":304},"responseTime":277,"msg":"request completed"}
{"level":30,"time":"2026-03-25T20:08:26.257Z","req":{"method":"GET","url":"/api/brinquedos"},"res":{"statusCode":304},"responseTime":274,"msg":"request completed"}
{"level":30,"time":"2026-03-25T20:08:26.259Z","req":{"method":"GET","url":"/api/funcionarios"},"res":{"statusCode":304},"responseTime":277,"msg":"request completed"}
{"level":30,"time":"2026-03-25T20:08:26.260Z","req":{"method":"GET","url":"/api/clientes"},"res":{"statusCode":304},"responseTime":280,"msg":"request completed"}
{"level":30,"time":"2026-03-25T20:08:26.473Z","req":{"method":"GET","url":"/api/eventos"},"res":{"statusCode":304},"responseTime":213,"msg":"request completed"}
{"level":30,"time":"2026-03-25T20:08:26.727Z","req":{"method":"GET","url":"/api/eventos"},"res":{"statusCode":304},"responseTime":211,"msg":"request completed"}
{"level":30,"time":"2026-03-25T20:08:44.853Z","req":{"method":"GET","url":"/api/eventos"},"res":{"statusCode":304},"responseTime":220,"msg":"request completed"}
{"level":30,"time":"2026-03-25T20:10:42.701Z","req":{"method":"GET","url":"/api/brinquedos"},"res":{"statusCode":304},"responseTime":16,"msg":"request completed"}
{"level":30,"time":"2026-03-25T20:10:42.702Z","req":{"method":"GET","url":"/api/clientes"},"res":{"statusCode":304},"responseTime":12,"msg":"request completed"}
{"level":30,"time":"2026-03-25T20:10:42.704Z","req":{"method":"GET","url":"/api/funcionarios"},"res":{"statusCode":304},"responseTime":6,"msg":"request completed"}
{"level":30,"time":"2026-03-25T20:10:42.958Z","req":{"method":"GET","url":"/api/eventos"},"res":{"statusCode":304},"responseTime":276,"msg":"request completed"}
{"level":30,"time":"2026-03-25T20:10:43.184Z","req":{"method":"GET","url":"/api/eventos"},"res":{"statusCode":304},"responseTime":224,"msg":"request completed"}
{"level":30,"time":"2026-03-25T20:10:43.477Z","req":{"method":"GET","url":"/api/eventos"},"res":{"statusCode":304},"responseTime":289,"msg":"request completed"}
{"level":30,"time":"2026-03-25T20:12:24.736Z","req":{"method":"GET","url":"/api/funcionarios"},"res":{"statusCode":304},"responseTime":4,"msg":"request completed"}
{"level":30,"time":"2026-03-25T20:12:24.738Z","req":{"method":"GET","url":"/api/clientes"},"res":{"statusCode":304},"responseTime":7,"msg":"request completed"}
{"level":30,"time":"2026-03-25T20:12:24.739Z","req":{"method":"GET","url":"/api/brinquedos"},"res":{"statusCode":304},"responseTime":7,"msg":"request completed"}
{"level":30,"time":"2026-03-25T20:12:24.943Z","req":{"method":"GET","url":"/api/eventos"},"res":{"statusCode":304},"responseTime":213,"msg":"request completed"}
{"level":30,"time":"2026-03-25T20:12:25.406Z","req":{"method":"GET","url":"/api/eventos"},"res":{"statusCode":304},"responseTime":452,"msg":"request completed"}
{"level":30,"time":"2026-03-25T20:12:25.716Z","req":{"method":"GET","url":"/api/eventos"},"res":{"statusCode":304},"responseTime":306,"msg":"request completed"}
